data,preco_btc_usd,volume_btc_usd,juros_pct,juros_observado,regime_juros
2021-10-05,51558.050000,14763218493.950001,0.080000,1,indefinido
2021-10-06,55419.800000,22617586701.369999,0.080000,1,indefinido
2021-10-07,53805.160000,16612896604.680000,0.080000,1,indefinido
2021-10-08,53933.530000,14387357851.309999,0.080000,1,indefinido
2021-10-09,55010.920000,11643960288.000000,0.080000,0,indefinido
2021-10-10,54701.280000,15181378701.590000,0.080000,0,indefinido
2021-10-11,57289.190000,17849080808.080002,0.080000,0,indefinido
2021-10-12,56196.180000,17409297810.939999,0.080000,1,indefinido
2021-10-13,57348.890000,17807611216.520000,0.080000,1,indefinido
2021-10-14,57384.040000,15252806873.650000,0.080000,1,indefinido
2021-10-15,61446.080000,26205492588.389999,0.080000,1,indefinido
2021-10-16,60932.060000,15384715464.459999,0.080000,0,indefinido
2021-10-17,61462.220000,12605114214.129999,0.080000,0,indefinido
2021-10-18,61977.060000,18267006292.400002,0.080000,1,indefinido
2021-10-19,64290.900000,18969942765.900002,0.080000,1,indefinido
2021-10-20,66061.800000,20605577864.070000,0.080000,1,indefinido
2021-10-21,62373.890000,25249772983.880001,0.080000,1,indefinido
2021-10-22,60750.970000,19666475632.250000,0.080000,1,indefinido
2021-10-23,61250.080000,11432877823.280001,0.080000,0,indefinido
2021-10-24,60865.450000,11640285027.010000,0.080000,0,indefinido
2021-10-25,63031.670000,13329025262.469999,0.080000,1,indefinido
2021-10-26,60393.980000,15449377234.600000,0.080000,1,indefinido
2021-10-27,58563.340000,22111398915.029999,0.080000,1,indefinido
2021-10-28,60564.570000,22343333973.610001,0.080000,1,indefinido
2021-10-29,62230.810000,16702885354.240000,0.070000,1,indefinido
2021-10-30,61742.920000,13293878524.500000,0.070000,0,indefinido
2021-10-31,61432.970000,14731809554.510000,0.070000,0,indefinido
2021-11-01,61092.100000,16815800251.260000,0.080000,1,indefinido
2021-11-02,63024.750000,17587596832.660000,0.080000,1,indefinido
2021-11-03,62955.980000,17644733175.880001,0.080000,1,indefinido
2021-11-04,61393.890000,14738385382.570000,0.080000,1,indefinido
2021-11-05,61005.840000,13013000458.360001,0.080000,1,indefinido
2021-11-06,61455.050000,11377260263.950001,0.080000,0,indefinido
2021-11-07,63043.830000,10094788221.840000,0.080000,0,indefinido
2021-11-08,67541.760000,19786509852.549999,0.080000,1,indefinido
2021-11-09,67095.590000,19620208223.200001,0.080000,1,indefinido
2021-11-10,64756.080000,25743477603.220001,0.080000,1,indefinido
2021-11-11,64962.930000,16293313171.330000,0.080000,0,indefinido
2021-11-12,64078.970000,16907451999.799999,0.080000,1,indefinido
2021-11-13,64397.790000,11852495923.260000,0.080000,0,indefinido
2021-11-14,65032.230000,10281178282.809999,0.080000,0,indefinido
2021-11-15,63753.500000,14084358752.040001,0.080000,1,indefinido
2021-11-16,60322.500000,25068932858.369999,0.080000,1,indefinido
2021-11-17,60154.310000,17704094914.840000,0.080000,1,indefinido
2021-11-18,56794.160000,21804393681.799999,0.080000,1,indefinido
2021-11-19,58014.070000,16882289917.240000,0.080000,1,indefinido
2021-11-20,59749.470000,12290133967.080000,0.080000,0,indefinido
2021-11-21,59032.620000,11134528821.799999,0.080000,0,indefinido
2021-11-22,56383.570000,16838121883.020000,0.080000,1,indefinido
2021-11-23,57642.270000,17022288356.760000,0.080000,1,indefinido
2021-11-24,57141.830000,15068516525.540001,0.080000,1,indefinido
2021-11-25,59008.660000,16018207838.889999,0.080000,0,indefinido
2021-11-26,53800.620000,22377094319.430000,0.080000,1,indefinido
2021-11-27,54635.880000,12359179777.309999,0.080000,0,indefinido
2021-11-28,57248.570000,11783466214.920000,0.080000,0,indefinido
2021-11-29,57920.710000,13867650316.280001,0.080000,1,indefinido
2021-11-30,57097.010000,17310601404.310001,0.070000,1,indefinido
2021-12-01,57180.610000,16256933173.080000,0.080000,1,indefinido
2021-12-02,56582.890000,14881472506.629999,0.080000,1,indefinido
2021-12-03,53671.620000,19797520344.099998,0.080000,1,indefinido
2021-12-04,49159.740000,33305271857.509998,0.080000,0,parado
2021-12-05,49327.090000,17136472331.639999,0.080000,0,parado
2021-12-06,50535.430000,17870649663.450001,0.080000,1,parado
2021-12-07,50574.470000,14303721829.690001,0.080000,1,parado
2021-12-08,50500.650000,12339484748.450001,0.080000,1,parado
2021-12-09,47937.820000,13165719795.400000,0.080000,1,parado
2021-12-10,47437.230000,14121384571.580000,0.080000,1,parado
2021-12-11,49321.770000,9958493024.139999,0.080000,0,parado
2021-12-12,50136.570000,8286817907.990000,0.080000,0,parado
2021-12-13,46785.330000,14859098053.000000,0.080000,1,parado
2021-12-14,48292.680000,13338519935.820000,0.080000,1,parado
2021-12-15,48830.620000,15981401022.100000,0.080000,1,parado
2021-12-16,47663.470000,10959960521.840000,0.080000,1,parado
2021-12-17,46334.480000,13843429122.139999,0.080000,1,parado
2021-12-18,46904.870000,9401486845.219999,0.080000,0,parado
2021-12-19,46876.430000,9588244434.730000,0.080000,0,parado
2021-12-20,46954.760000,12527824904.850000,0.080000,1,parado
2021-12-21,49082.060000,11259277877.440001,0.080000,1,parado
2021-12-22,48692.100000,10023763355.430000,0.080000,1,parado
2021-12-23,50712.970000,12053452269.629999,0.080000,1,parado
2021-12-24,50783.830000,10518674476.959999,0.080000,0,parado
2021-12-25,50590.450000,7109893496.590000,0.080000,0,parado
2021-12-26,50798.310000,7996336271.940000,0.080000,0,parado
2021-12-27,50796.380000,10239176029.170000,0.080000,1,parado
2021-12-28,47673.040000,14503893949.139999,0.080000,1,parado
2021-12-29,46470.320000,11875471259.850000,0.080000,1,parado
2021-12-30,47102.460000,10059075576.420000,0.080000,1,parado
2021-12-31,46355.120000,11244218012.549999,0.080000,0,parado
2022-01-01,47560.010000,6907898567.480000,0.080000,0,parado
2022-01-02,47352.560000,6750690409.130000,0.080000,0,parado
2022-01-03,46453.430000,9117077393.090000,0.080000,1,parado
2022-01-04,45905.960000,10831204275.950001,0.080000,1,parado
2022-01-05,43530.940000,15626896338.990000,0.080000,1,parado
2022-01-06,43144.970000,11615104991.020000,0.080000,1,parado
2022-01-07,41512.780000,15604293020.820000,0.080000,1,parado
2022-01-08,41799.810000,10015015782.049999,0.080000,0,parado
2022-01-09,41886.500000,7288210918.110000,0.080000,0,parado
2022-01-10,41816.950000,13114657359.850000,0.080000,1,parado
2022-01-11,42768.180000,10314098505.780001,0.080000,1,parado
2022-01-12,43961.030000,9818037568.660000,0.080000,1,parado
2022-01-13,42626.870000,9401429320.190001,0.080000,1,parado
2022-01-14,43102.650000,8673067325.280001,0.080000,1,parado
2022-01-15,43206.670000,5767456527.630000,0.080000,0,parado
2022-01-16,43168.860000,5526144760.340000,0.080000,0,parado
2022-01-17,42211.270000,7478999787.070000,0.080000,0,parado
2022-01-18,42431.230000,8402879572.500000,0.080000,1,parado
2022-01-19,41787.720000,9238611417.830000,0.080000,1,parado
2022-01-20,40756.130000,10242225969.360001,0.080000,1,parado
2022-01-21,36492.290000,21563058188.869999,0.080000,1,parado
2022-01-22,34996.390000,18854812014.630001,0.080000,0,parado
2022-01-23,36271.050000,10848839524.440001,0.080000,0,parado
2022-01-24,36659.730000,19460171604.700001,0.080000,1,parado
2022-01-25,36952.590000,11033106702.290001,0.080000,1,parado
2022-01-26,36825.820000,14381418647.959999,0.080000,1,parado
2022-01-27,37021.940000,10640137763.010000,0.080000,1,parado
2022-01-28,37768.850000,9135808395.190001,0.080000,1,parado
2022-01-29,38088.290000,6434933513.510000,0.080000,0,parado
2022-01-30,37983.510000,5142900050.870000,0.080000,0,parado
2022-01-31,38462.670000,8414578704.730000,0.080000,1,parado
2022-02-01,38787.960000,8156697993.180000,0.080000,1,parado
2022-02-02,36942.330000,8092095786.000000,0.080000,1,parado
2022-02-03,37057.650000,7440679315.630000,0.080000,1,parado
2022-02-04,41079.910000,12411935848.110001,0.080000,1,parado
2022-02-05,41508.580000,7519482839.120000,0.080000,0,parado
2022-02-06,42358.230000,5588383108.830000,0.080000,0,parado
2022-02-07,43888.980000,11814662248.129999,0.080000,1,parado
2022-02-08,44167.440000,14206789025.330000,0.080000,1,parado
2022-02-09,44405.070000,8887315273.410000,0.080000,1,parado
2022-02-10,43614.340000,13757828262.040001,0.080000,1,parado
2022-02-11,42357.320000,10968833584.350000,0.080000,1,parado
2022-02-12,42173.460000,6478870532.740000,0.080000,0,parado
2022-02-13,42195.590000,4796939485.040000,0.080000,0,parado
2022-02-14,42646.160000,7806171092.120000,0.080000,1,parado
2022-02-15,44511.910000,8728320989.100000,0.080000,1,parado
2022-02-16,44065.710000,7216711962.450000,0.080000,1,parado
2022-02-17,40610.020000,10603986430.860001,0.080000,1,parado
2022-02-18,40044.220000,8877763470.200001,0.080000,1,parado
2022-02-19,40095.890000,4378388260.650000,0.080000,0,parado
2022-02-20,38551.620000,6853709105.040000,0.080000,0,parado
2022-02-21,37098.040000,12229717946.730000,0.080000,0,parado
2022-02-22,38202.590000,10169588313.330000,0.080000,1,parado
2022-02-23,37308.270000,8698318595.360001,0.080000,1,parado
2022-02-24,38283.790000,20666368458.540001,0.080000,1,parado
2022-02-25,39323.770000,10893445748.459999,0.080000,1,parado
2022-02-26,39056.580000,6374264560.700000,0.080000,0,parado
2022-02-27,37664.780000,9167688820.620001,0.080000,0,parado
2022-02-28,43179.250000,14643153550.870001,0.080000,1,parado
2022-03-01,44334.460000,14047384167.170000,0.080000,1,parado
2022-03-02,43984.580000,12124720735.280001,0.080000,1,parado
2022-03-03,42492.770000,10016881300.230000,0.080000,1,parado
2022-03-04,39106.410000,12488179313.000000,0.080000,1,parado
2022-03-05,39383.880000,5977148318.780000,0.080000,0,parado
2022-03-06,38399.340000,7255579920.120000,0.080000,0,parado
2022-03-07,38146.730000,11344006169.190001,0.080000,1,parado
2022-03-08,38725.480000,10483115474.730000,0.080000,1,parado
2022-03-09,41989.400000,14019392131.150000,0.080000,1,parado
2022-03-10,39482.260000,14010356921.000000,0.080000,1,parado
2022-03-11,38825.360000,11285230965.559999,0.080000,1,parado
2022-03-12,38951.130000,4926981055.960000,0.080000,0,parado
2022-03-13,37808.320000,6142841848.750000,0.080000,0,parado
2022-03-14,39649.050000,9256863860.139999,0.080000,1,parado
2022-03-15,39356.810000,8895191140.020000,0.080000,1,parado
2022-03-16,41101.770000,16837523985.730000,0.080000,1,parado
2022-03-17,40966.420000,8229142658.680000,0.330000,1,subindo
2022-03-18,41826.120000,9179237589.040001,0.330000,1,subindo
2022-03-19,42193.160000,6749722734.960000,0.330000,0,subindo
2022-03-20,41294.720000,6545074415.610000,0.330000,0,subindo
2022-03-21,41064.430000,8587481962.420000,0.330000,1,subindo
2022-03-22,42383.170000,12406353015.879999,0.330000,1,subindo
2022-03-23,42734.200000,9228466663.250000,0.330000,1,subindo
2022-03-24,43974.590000,11562298423.160000,0.330000,1,subindo
2022-03-25,44347.030000,10927641840.330000,0.330000,1,subindo
2022-03-26,44519.930000,5029013289.510000,0.330000,0,subindo
2022-03-27,46777.210000,9060253555.250000,0.330000,0,subindo
2022-03-28,47223.650000,13302412300.309999,0.330000,1,subindo
2022-03-29,47463.710000,11204366063.280001,0.330000,1,subindo
2022-03-30,47123.300000,10055338077.370001,0.330000,1,subindo
2022-03-31,45562.210000,12440776277.480000,0.330000,1,subindo
2022-04-01,46250.340000,14363112070.400000,0.330000,1,subindo
2022-04-02,45939.900000,10682297783.410000,0.330000,0,subindo
2022-04-03,46440.540000,9222747534.030001,0.330000,0,subindo
2022-04-04,46663.000000,12415826909.299999,0.330000,1,subindo
2022-04-05,45693.040000,10538375511.700001,0.330000,1,subindo
2022-04-06,43304.940000,14842581153.959999,0.330000,1,subindo
2022-04-07,43569.050000,9338442133.969999,0.330000,1,subindo
2022-04-08,42222.070000,10251838290.340000,0.330000,1,subindo
2022-04-09,42680.990000,4818711935.470000,0.330000,0,subindo
2022-04-10,42264.460000,5535566111.520000,0.330000,0,subindo
2022-04-11,39544.030000,13029567831.809999,0.330000,1,subindo
2022-04-12,40096.370000,11300477343.850000,0.330000,1,subindo
2022-04-13,41152.760000,9211636217.959999,0.330000,1,subindo
2022-04-14,39916.500000,7536382659.370000,0.330000,1,subindo
2022-04-15,40527.330000,5487188888.700000,0.330000,1,subindo
2022-04-16,40439.590000,3690714614.180000,0.330000,0,subindo
2022-04-17,39704.780000,4626725637.510000,0.330000,0,subindo
2022-04-18,40818.880000,10709763836.610001,0.330000,1,subindo
2022-04-19,41489.660000,7405993342.990000,0.330000,1,subindo
2022-04-20,41395.640000,9017582543.400000,0.330000,1,subindo
2022-04-21,40457.500000,11984633925.559999,0.330000,1,subindo
2022-04-22,39737.970000,9806946044.530001,0.330000,1,subindo
2022-04-23,39582.450000,4286359872.010000,0.330000,0,subindo
2022-04-24,39511.650000,5101679437.190000,0.330000,0,subindo
2022-04-25,40473.750000,12843245289.389999,0.330000,1,subindo
2022-04-26,38072.800000,12215279733.580000,0.330000,1,subindo
2022-04-27,39218.540000,9646675379.379999,0.330000,1,subindo
2022-04-28,39747.990000,10482995158.440001,0.330000,1,subindo
2022-04-29,38609.510000,8957010326.920000,0.330000,1,subindo
2022-04-30,37714.090000,6039880658.210000,0.330000,0,subindo
2022-05-01,38459.230000,6957907608.400000,0.330000,0,subindo
2022-05-02,38566.060000,9809311606.120001,0.330000,1,subindo
2022-05-03,37704.410000,7559816224.830000,0.330000,1,subindo
2022-05-04,39641.850000,11276767465.469999,0.330000,1,subindo
2022-05-05,36502.020000,15358354248.209999,0.830000,1,subindo
2022-05-06,36043.000000,12561908182.820000,0.830000,1,subindo
2022-05-07,35508.710000,6395067105.330000,0.830000,0,subindo
2022-05-08,34058.910000,11999760786.360001,0.830000,0,subindo
2022-05-09,30457.920000,25181723714.779999,0.830000,1,subindo
2022-05-10,30990.740000,24028396599.320000,0.830000,1,subindo
2022-05-11,28796.560000,34657367879.150002,0.830000,1,subindo
2022-05-12,29030.710000,30097624721.720001,0.830000,1,subindo
2022-05-13,29285.930000,15053844698.549999,0.830000,1,subindo
2022-05-14,30051.940000,8173944072.280000,0.830000,0,subindo
2022-05-15,31182.620000,7443865210.550000,0.830000,0,subindo
2022-05-16,29889.610000,10536726491.480000,0.830000,1,subindo
2022-05-17,30438.190000,8945828665.870001,0.830000,1,subindo
2022-05-18,28771.220000,10351538709.799999,0.830000,1,subindo
2022-05-19,30257.890000,10633086375.820000,0.830000,1,subindo
2022-05-20,29224.250000,10235776129.959999,0.830000,1,subindo
2022-05-21,29420.080000,4176477855.650000,0.830000,0,subindo
2022-05-22,30331.880000,5708844379.000000,0.830000,0,subindo
2022-05-23,29088.250000,9829494659.790001,0.830000,1,subindo
2022-05-24,29643.680000,7893886759.270000,0.830000,1,subindo
2022-05-25,29577.260000,8376806831.920000,0.830000,1,subindo
2022-05-26,29332.490000,12533507688.209999,0.830000,1,subindo
2022-05-27,28612.040000,12025649209.530001,0.830000,1,subindo
2022-05-28,29045.520000,4646142522.630000,0.830000,0,subindo
2022-05-29,29430.070000,4075277592.690000,0.830000,0,subindo
2022-05-30,31735.950000,12280949553.360001,0.830000,0,subindo
2022-05-31,31831.410000,10235518846.270000,0.830000,1,subindo
2022-06-01,29825.920000,13241894892.920000,0.830000,1,subindo
2022-06-02,30504.270000,8932210117.360001,0.830000,1,subindo
2022-06-03,29662.670000,7771681268.110000,0.830000,1,subindo
2022-06-04,29792.410000,3567370123.540000,0.830000,0,subindo
2022-06-05,29915.410000,3669382503.310000,0.830000,0,subindo
2022-06-06,31333.680000,10041880433.559999,0.830000,1,subindo
2022-06-07,31175.030000,13782946796.309999,0.830000,1,subindo
2022-06-08,30228.460000,9885530461.580000,0.830000,1,subindo
2022-06-09,30064.490000,6631191196.550000,0.830000,1,subindo
2022-06-10,29070.400000,10300750562.180000,0.830000,1,subindo
2022-06-11,28360.790000,8277996033.770000,0.830000,0,subindo
2022-06-12,26830.280000,11434429812.200001,0.830000,0,subindo
2022-06-13,22316.260000,29944355946.040001,0.830000,1,subindo
2022-06-14,22072.870000,21304241063.060001,0.830000,1,subindo
2022-06-15,22520.790000,22822911297.959999,0.830000,1,subindo
2022-06-16,20310.180000,12545170664.870001,1.580000,1,subindo
2022-06-17,20464.930000,9688788483.889999,1.580000,1,subindo
2022-06-18,19013.870000,16389815161.430000,1.580000,0,subindo
2022-06-19,20492.300000,13298332256.270000,1.580000,0,subindo
2022-06-20,20571.630000,11137607109.860001,1.580000,0,subindo
2022-06-21,20688.470000,10214853097.200001,1.580000,1,subindo
2022-06-22,20003.170000,9863055075.590000,1.580000,1,subindo
2022-06-23,21097.100000,8992166912.600000,1.580000,1,subindo
2022-06-24,21299.080000,8770253854.610001,1.580000,1,subindo
2022-06-25,21468.340000,5632965587.540000,1.580000,0,subindo
2022-06-26,21066.620000,5572971395.850000,1.580000,0,subindo
2022-06-27,20751.050000,6760414668.860000,1.580000,1,subindo
2022-06-28,20263.220000,6987921279.690000,1.580000,1,subindo
2022-06-29,20080.950000,8111793844.640000,1.580000,1,subindo
2022-06-30,19332.910000,10015394386.690001,1.580000,1,subindo
2022-07-01,19341.860000,11088252915.490000,1.580000,1,subindo
2022-07-02,19231.830000,4501005501.320000,1.580000,0,subindo
2022-07-03,19276.510000,4831776398.600000,1.580000,0,subindo
2022-07-04,20226.300000,6746602702.360000,1.580000,0,subindo
2022-07-05,20193.340000,8826497282.420000,1.580000,1,subindo
2022-07-06,20560.840000,7803284516.950000,1.580000,1,subindo
2022-07-07,21651.420000,8123265924.280000,1.580000,1,subindo
2022-07-08,21813.790000,18513622026.459999,1.580000,1,subindo
2022-07-09,21585.130000,9457361544.080000,1.580000,0,subindo
2022-07-10,20831.270000,9656590583.700001,1.580000,0,subindo
2022-07-11,19971.330000,8254669653.710000,1.580000,1,subindo
2022-07-12,19339.150000,8947698311.040001,1.580000,1,subindo
2022-07-13,20155.530000,13376425704.600000,1.580000,1,subindo
2022-07-14,20552.900000,10828163722.930000,1.580000,1,subindo
2022-07-15,20831.720000,9530874620.980000,1.580000,1,subindo
2022-07-16,21196.510000,7874805597.310000,1.580000,0,subindo
2022-07-17,20827.890000,7693331809.270000,1.580000,0,subindo
2022-07-18,22305.710000,15998247369.690001,1.580000,1,subindo
2022-07-19,23371.200000,19826660557.119999,1.580000,1,subindo
2022-07-20,23280.940000,18311113923.740002,1.580000,1,subindo
2022-07-21,23152.410000,13518660850.770000,1.580000,1,subindo
2022-07-22,22706.080000,12511185421.010000,1.580000,1,subindo
2022-07-23,22484.460000,8573521792.770000,1.580000,0,subindo
2022-07-24,22653.360000,8305304702.620000,1.580000,0,subindo
2022-07-25,21510.130000,13324152840.410000,1.580000,1,subindo
2022-07-26,21181.660000,10929855208.940001,1.580000,1,subindo
2022-07-27,22898.420000,13893424373.459999,1.580000,1,subindo
2022-07-28,23838.560000,16395423570.170000,2.330000,1,subindo
2022-07-29,23950.740000,14793722764.400000,2.320000,1,subindo
2022-07-30,23623.430000,10666365149.080000,2.320000,0,subindo
2022-07-31,23356.170000,8589457632.540000,2.320000,0,subindo
2022-08-01,23331.440000,9808015051.000000,2.330000,1,subindo
2022-08-02,23031.430000,10865974521.080000,2.330000,1,subindo
2022-08-03,22809.750000,10221796872.530001,2.330000,1,subindo
2022-08-04,22628.330000,10064406097.299999,2.330000,1,subindo
2022-08-05,23248.970000,11770869356.410000,2.330000,1,subindo
2022-08-06,22996.280000,5054758518.680000,2.330000,0,subindo
2022-08-07,23153.660000,5051011463.660000,2.330000,0,subindo
2022-08-08,23803.650000,10914857806.090000,2.330000,1,subindo
2022-08-09,23186.290000,9349235041.170000,2.330000,1,subindo
2022-08-10,23923.060000,13793461997.309999,2.330000,1,subindo
2022-08-11,23934.440000,15906354568.650000,2.330000,1,subindo
2022-08-12,24396.310000,10514711868.370001,2.330000,1,subindo
2022-08-13,24426.220000,9229970197.879999,2.330000,0,subindo
2022-08-14,24314.200000,9190505051.549999,2.330000,0,subindo
2022-08-15,24083.950000,14958155977.980000,2.330000,1,subindo
2022-08-16,23868.820000,10915319802.270000,2.330000,1,subindo
2022-08-17,23336.350000,12821094743.900000,2.330000,1,subindo
2022-08-18,23221.170000,8049628042.100000,2.330000,1,subindo
2022-08-19,20906.770000,17478732474.450001,2.330000,1,subindo
2022-08-20,21146.650000,10107289569.389999,2.330000,0,subindo
2022-08-21,21554.000000,8317672111.940000,2.330000,0,subindo
2022-08-22,21301.080000,11538476110.620001,2.330000,1,subindo
2022-08-23,21534.510000,10595392226.990000,2.330000,1,subindo
2022-08-24,21424.970000,9523214352.629999,2.330000,1,subindo
2022-08-25,21587.840000,8425506933.420000,2.330000,1,subindo
2022-08-26,20246.170000,15268318661.969999,2.330000,1,subindo
2022-08-27,20043.990000,8524042721.950000,2.330000,0,subindo
2022-08-28,19673.540000,6702071269.990000,2.330000,0,subindo
2022-08-29,20270.960000,10472006276.000000,2.330000,1,subindo
2022-08-30,19825.460000,12903492318.110001,2.330000,1,subindo
2022-08-31,20024.670000,12716997383.730000,2.330000,1,subindo
2022-09-01,20105.460000,11070522554.580000,2.330000,1,subindo
2022-09-02,19948.860000,11007379913.190001,2.330000,1,subindo
2022-09-03,19803.830000,5861455563.330000,2.330000,0,subindo
2022-09-04,19961.910000,6229672897.760000,2.330000,0,subindo
2022-09-05,19797.800000,8831459842.570000,2.330000,0,subindo
2022-09-06,18846.150000,16177044696.230000,2.330000,1,subindo
2022-09-07,19292.910000,12771257081.830000,2.330000,1,subindo
2022-09-08,19319.120000,11800658806.889999,2.330000,1,subindo
2022-09-09,21363.310000,20766008911.250000,2.330000,1,subindo
2022-09-10,21715.210000,13707970807.790001,2.330000,0,subindo
2022-09-11,21732.770000,12714424788.620001,2.330000,0,subindo
2022-09-12,22365.210000,20532599884.230000,2.330000,1,subindo
2022-09-13,20165.040000,24068120725.040001,2.330000,1,subindo
2022-09-14,20246.370000,15667229490.370001,2.330000,1,subindo
2022-09-15,19696.870000,15011889945.480000,2.330000,1,subindo
2022-09-16,19741.580000,13151438669.240000,2.330000,1,subindo
2022-09-17,20120.700000,9421581223.059999,2.330000,0,subindo
2022-09-18,19427.100000,12754445429.200001,2.330000,0,subindo
2022-09-19,19557.980000,18829405533.439999,2.330000,1,subindo
2022-09-20,18872.950000,15361629385.080000,2.330000,1,subindo
2022-09-21,18506.760000,20976502377.110001,2.330000,1,subindo
2022-09-22,19414.540000,18345365367.279999,3.080000,1,subindo
2022-09-23,19326.860000,15657666696.309999,3.080000,1,subindo
2022-09-24,18924.770000,9575365033.940001,3.080000,0,subindo
2022-09-25,18793.160000,8716899709.120001,3.080000,0,subindo
2022-09-26,19201.130000,19956679983.660000,3.080000,1,subindo
2022-09-27,19106.740000,28149047884.419998,3.080000,1,subindo
2022-09-28,19454.940000,25070695056.060001,3.080000,1,subindo
2022-09-29,19540.870000,10699004351.969999,3.080000,1,subindo
2022-09-30,19435.190000,19044623312.029999,3.080000,1,subindo
2022-10-01,19311.860000,6547468881.660000,3.080000,0,subindo
2022-10-02,19015.290000,8200077083.760000,3.080000,0,subindo
2022-10-03,19633.430000,12866240703.270000,3.080000,1,subindo
2022-10-04,20339.970000,15480579142.980000,3.080000,1,subindo
2022-10-05,20155.100000,14433575296.590000,3.080000,1,subindo
2022-10-06,19950.550000,15474578899.840000,3.080000,1,subindo
2022-10-07,19539.140000,12019159440.680000,3.080000,1,subindo
2022-10-08,19416.180000,4974486247.410000,3.080000,0,subindo
2022-10-09,19428.370000,5417019162.420000,3.080000,0,subindo
2022-10-10,19154.400000,10060033831.820000,3.080000,0,subindo
2022-10-11,19039.280000,11285491986.100000,3.080000,1,subindo
2022-10-12,19156.910000,9952746004.020000,3.080000,1,subindo
2022-10-13,19387.830000,19534704284.830002,3.080000,1,subindo
2022-10-14,19177.690000,18339151976.340000,3.080000,1,subindo
2022-10-15,19069.870000,5502768960.320000,3.080000,0,subindo
2022-10-16,19261.750000,6821314673.460000,3.080000,0,subindo
2022-10-17,19557.020000,12113841516.450001,3.080000,1,subindo
2022-10-18,19341.410000,14299565858.230000,3.080000,1,subindo
2022-10-19,19132.150000,9339339314.230000,3.080000,1,subindo
2022-10-20,19033.380000,11008226785.790001,3.080000,1,subindo
2022-10-21,19174.880000,14561861282.230000,3.080000,1,subindo
2022-10-22,19207.630000,4774783235.370000,3.080000,0,subindo
2022-10-23,19565.410000,7956738676.070000,3.080000,0,subindo
2022-10-24,19341.460000,12048634040.709999,3.080000,1,subindo
2022-10-25,20094.960000,19895894385.209999,3.080000,1,subindo
2022-10-26,20797.030000,22458287649.340000,3.080000,1,subindo
2022-10-27,20280.180000,17662789381.570000,3.080000,1,subindo
2022-10-28,20604.610000,14983969219.170000,3.080000,1,subindo
2022-10-29,20803.900000,13376463311.000000,3.080000,0,subindo
2022-10-30,20616.700000,9581661474.190001,3.080000,0,subindo
2022-10-31,20490.860000,7678070035.540000,3.080000,1,subindo
2022-11-01,20483.970000,12319576456.920000,3.080000,1,subindo
2022-11-02,20148.280000,19249776021.459999,3.080000,1,subindo
2022-11-03,20198.110000,13449808635.250000,3.830000,1,subindo
2022-11-04,21157.240000,23359994669.009998,3.830000,1,subindo
2022-11-05,21283.470000,11420258248.010000,3.830000,0,subindo
2022-11-06,20946.800000,10105313953.469999,3.830000,0,subindo
2022-11-07,20568.570000,17227999084.200001,3.830000,1,subindo
2022-11-08,18520.970000,48421194270.370003,3.830000,1,subindo
2022-11-09,15758.290000,44470633009.360001,3.830000,1,subindo
2022-11-10,17541.560000,29627713951.160000,3.830000,1,subindo
2022-11-11,16916.850000,18085735751.060001,3.830000,0,subindo
2022-11-12,16771.240000,8266826492.710000,3.830000,0,subindo
2022-11-13,16320.500000,8426755002.590000,3.830000,0,subindo
2022-11-14,16629.480000,16997289347.030001,3.830000,1,subindo
2022-11-15,16855.590000,12085486623.280001,3.830000,1,subindo
2022-11-16,16659.610000,11410913049.889999,3.830000,1,subindo
2022-11-17,16675.180000,8237051359.190000,3.830000,1,subindo
2022-11-18,16661.520000,8062185138.500000,3.830000,1,subindo
2022-11-19,16696.000000,4016701906.220000,3.830000,0,subindo
2022-11-20,16246.840000,6471478081.810000,3.830000,0,subindo
2022-11-21,15778.020000,13119331161.930000,3.830000,1,subindo
2022-11-22,16172.890000,10303275174.629999,3.830000,1,subindo
2022-11-23,16574.060000,10879843229.700001,3.830000,1,subindo
2022-11-24,16583.520000,8061758405.620000,3.830000,0,subindo
2022-11-25,16522.390000,7371400232.200000,3.830000,1,subindo
2022-11-26,16448.640000,6571519761.620000,3.830000,0,subindo
2022-11-27,16436.070000,5734352902.010000,3.830000,0,subindo
2022-11-28,16212.580000,10185161473.959999,3.830000,1,subindo
2022-11-29,16443.040000,9416306797.270000,3.830000,1,subindo
2022-11-30,17176.900000,12866116760.290001,3.830000,1,subindo
2022-12-01,16961.290000,10180887766.190001,3.830000,1,subindo
2022-12-02,17075.110000,8815923097.379999,3.830000,1,subindo
2022-12-03,16899.510000,7485097176.190000,3.830000,0,subindo
2022-12-04,17121.710000,7671626710.640000,3.830000,0,subindo
2022-12-05,16961.350000,10690173319.940001,3.830000,1,subindo
2022-12-06,17070.520000,9106145121.629999,3.830000,1,subindo
2022-12-07,16848.250000,9171547819.530001,3.830000,1,subindo
2022-12-08,17231.460000,9599018485.350000,3.830000,1,subindo
2022-12-09,17136.150000,9261513002.280001,3.830000,1,subindo
2022-12-10,17124.210000,5242742795.830000,3.830000,0,subindo
2022-12-11,17094.360000,6181456906.710000,3.830000,0,subindo
2022-12-12,17195.520000,8884761295.870001,3.830000,1,subindo
2022-12-13,17774.920000,13084919190.900000,3.830000,1,subindo
2022-12-14,17809.720000,12274215733.200001,3.830000,1,subindo
2022-12-15,17344.050000,9628729849.490000,4.330000,1,subindo
2022-12-16,16606.110000,11542067285.400000,4.330000,1,subindo
2022-12-17,16774.390000,5905072402.320000,4.330000,0,subindo
2022-12-18,16776.120000,4410520761.540000,4.330000,0,subindo
2022-12-19,16424.130000,8026243814.630000,4.330000,1,subindo
2022-12-20,16901.820000,10507063258.290001,4.330000,1,subindo
2022-12-21,16800.530000,6240290599.950000,4.330000,1,subindo
2022-12-22,16814.220000,7074799551.000000,4.330000,1,subindo
2022-12-23,16780.520000,6636480476.990000,4.330000,1,subindo
2022-12-24,16837.610000,3608176912.100000,4.330000,0,subindo
2022-12-25,16824.840000,4488178698.910000,4.330000,0,subindo
2022-12-26,16879.940000,4629771017.970000,4.330000,0,subindo
2022-12-27,16698.910000,7109117005.230000,4.330000,1,subindo
2022-12-28,16536.290000,7936371231.890000,4.330000,1,subindo
2022-12-29,16630.590000,6423588227.190000,4.330000,1,subindo
2022-12-30,16593.690000,6868973492.570000,4.330000,1,subindo
2022-12-31,16524.220000,4418902904.140000,4.330000,0,subindo
2023-01-01,16606.750000,3482939407.910000,4.330000,0,subindo
2023-01-02,16688.720000,5226730222.500000,4.330000,0,subindo
2023-01-03,16670.080000,6050649095.330000,4.330000,1,subindo
2023-01-04,16848.370000,8681579163.080000,4.330000,1,subindo
2023-01-05,16824.800000,5739689110.740000,4.330000,1,subindo
2023-01-06,16957.860000,7556650364.780000,4.330000,1,subindo
2023-01-07,16942.630000,3182996134.560000,4.330000,0,subindo
2023-01-08,17059.240000,4758270817.810000,4.330000,0,subindo
2023-01-09,17182.320000,10256620754.530001,4.330000,1,subindo
2023-01-10,17433.910000,8300555363.270000,4.330000,1,subindo
2023-01-11,17833.710000,10286356665.549999,4.330000,1,subindo
2023-01-12,18869.700000,20151197412.610001,4.330000,1,subindo
2023-01-13,19868.720000,16145322849.879999,4.330000,1,subindo
2023-01-14,21010.920000,21188492055.849998,4.330000,0,subindo
2023-01-15,20876.010000,9617917648.420000,4.330000,0,subindo
2023-01-16,21180.410000,15095237194.600000,4.330000,0,subindo
2023-01-17,21178.300000,14023167964.120001,4.330000,1,subindo
2023-01-18,20709.670000,18221791671.459999,4.330000,1,subindo
2023-01-19,21071.830000,11954332921.160000,4.330000,1,subindo
2023-01-20,22660.720000,16935868176.629999,4.330000,1,subindo
2023-01-21,22803.170000,19402684905.770000,4.330000,0,subindo
2023-01-22,22716.280000,14383369426.870001,4.330000,0,subindo
2023-01-23,22929.020000,15625863053.059999,4.330000,1,subindo
2023-01-24,22611.130000,15772222839.809999,4.330000,1,subindo
2023-01-25,23109.080000,18526956612.770000,4.330000,1,subindo
2023-01-26,23008.690000,15302218684.530001,4.330000,1,subindo
2023-01-27,23070.500000,14691605925.049999,4.330000,1,subindo
2023-01-28,23008.810000,7358966126.760000,4.330000,0,subindo
2023-01-29,23775.000000,16001170091.840000,4.330000,0,subindo
2023-01-30,22799.430000,15996934228.160000,4.330000,1,subindo
2023-01-31,23130.050000,13050986888.090000,4.330000,1,subindo
2023-02-01,23727.200000,15098181392.440001,4.330000,1,subindo
2023-02-02,23505.600000,19232585774.209999,4.580000,1,subindo
2023-02-03,23445.810000,15419972956.049999,4.580000,1,subindo
2023-02-04,23355.520000,8113531828.060000,4.580000,0,subindo
2023-02-05,22957.230000,10917213607.820000,4.580000,0,subindo
2023-02-06,22745.170000,13662558643.680000,4.580000,1,subindo
2023-02-07,23266.270000,16058609233.670000,4.580000,1,subindo
2023-02-08,22937.580000,14953697927.450001,4.580000,1,subindo
2023-02-09,21818.200000,19480232175.919998,4.570000,1,subindo
2023-02-10,21620.570000,15582972586.600000,4.580000,1,subindo
2023-02-11,21864.860000,8797826426.850000,4.580000,0,subindo
2023-02-12,21772.140000,9797114286.650000,4.580000,0,subindo
2023-02-13,21798.720000,13593901247.030001,4.580000,1,subindo
2023-02-14,22222.420000,15340218926.049999,4.580000,1,subindo
2023-02-15,24304.610000,18862748183.139999,4.580000,1,subindo
2023-02-16,23742.450000,23710030781.630001,4.580000,1,subindo
2023-02-17,24607.340000,24328069687.410000,4.580000,1,subindo
2023-02-18,24636.530000,9706544668.719999,4.580000,0,subindo
2023-02-19,24366.990000,14575960826.230000,4.580000,0,subindo
2023-02-20,24797.840000,16413216545.469999,4.580000,0,subindo
2023-02-21,24400.390000,18044237208.750000,4.580000,1,subindo
2023-02-22,24163.740000,17523114359.389999,4.580000,1,subindo
2023-02-23,23910.030000,17757804680.520000,4.580000,1,subindo
2023-02-24,23175.820000,15543404688.299999,4.580000,1,subindo
2023-02-25,23159.820000,8121640539.510000,4.580000,0,subindo
2023-02-26,23542.100000,8560021742.370000,4.580000,0,subindo
2023-02-27,23504.190000,12533527682.730000,4.570000,1,subindo
2023-02-28,23145.950000,11032699585.180000,4.570000,1,subindo
2023-03-01,23610.660000,13583383752.670000,4.580000,1,subindo
2023-03-02,23470.030000,10694027380.299999,4.570000,1,subindo
2023-03-03,22350.100000,14981953672.129999,4.570000,1,subindo
2023-03-04,22334.290000,4813757986.430000,4.570000,0,subindo
2023-03-05,22419.820000,6437226222.970000,4.570000,0,subindo
2023-03-06,22414.700000,8233597113.360000,4.570000,1,subindo
2023-03-07,22174.650000,12337703894.709999,4.570000,1,subindo
2023-03-08,21701.380000,12108297700.889999,4.570000,1,subindo
2023-03-09,20349.810000,17901574390.070000,4.570000,1,subindo
2023-03-10,20240.410000,23816614356.160000,4.570000,1,subindo
2023-03-11,20585.230000,17742289263.660000,4.570000,0,subindo
2023-03-12,22065.980000,16924248418.240000,4.570000,0,subindo
2023-03-13,24154.430000,29691786573.660000,4.580000,1,subindo
2023-03-14,24769.020000,30830652375.820000,4.580000,1,subindo
2023-03-15,24409.800000,26303317410.770000,4.580000,1,subindo
2023-03-16,25043.240000,19514577683.310001,4.580000,1,subindo
2023-03-17,27450.630000,31289099128.639999,4.580000,1,subindo
2023-03-18,26985.740000,19399308264.820000,4.580000,0,subindo
2023-03-19,28185.200000,19458023272.330002,4.580000,0,subindo
2023-03-20,27834.340000,24549077847.180000,4.580000,1,subindo
2023-03-21,28172.800000,20790263207.950001,4.580000,1,subindo
2023-03-22,27341.560000,18964688511.810001,4.580000,1,subindo
2023-03-23,28387.890000,12478653274.670000,4.830000,1,subindo
2023-03-24,27464.120000,15655049466.010000,4.830000,1,subindo
2023-03-25,27488.950000,5117311428.100000,4.830000,0,subindo
2023-03-26,28049.390000,5389478867.150000,4.830000,0,subindo
2023-03-27,27155.000000,8067988947.040000,4.830000,1,subindo
2023-03-28,27283.960000,7758064510.150000,4.830000,1,subindo
2023-03-29,28389.290000,9545801607.780001,4.830000,1,subindo
2023-03-30,28021.560000,11059525124.580000,4.830000,1,subindo
2023-03-31,28514.680000,8674259530.290001,4.830000,1,subindo
2023-04-01,28494.560000,4152773641.070000,4.830000,0,subindo
2023-04-02,28162.000000,4247446898.510000,4.830000,0,subindo
2023-04-03,27850.980000,8815840109.400000,4.830000,1,subindo
2023-04-04,28113.960000,6270156545.430000,4.830000,1,subindo
2023-04-05,28190.310000,7183935480.080000,4.830000,1,subindo
2023-04-06,28049.070000,4985264573.380000,4.830000,1,subindo
2023-04-07,27936.800000,3177935904.690000,4.830000,1,subindo
2023-04-08,27964.050000,2575794168.400000,4.830000,0,subindo
2023-04-09,28357.810000,3864343192.260000,4.830000,0,subindo
2023-04-10,29687.570000,7859290892.840000,4.830000,1,subindo
2023-04-11,30247.100000,8967191913.219999,4.830000,1,subindo
2023-04-12,29913.000000,8374453806.390000,4.830000,1,subindo
2023-04-13,30370.820000,6989725585.220000,4.830000,1,subindo
2023-04-14,30458.970000,9349243336.990000,4.830000,1,subindo
2023-04-15,30342.060000,3706765071.310000,4.830000,0,subindo
2023-04-16,30312.930000,4052465432.530000,4.830000,0,subindo
2023-04-17,29469.510000,7071772295.570000,4.830000,1,subindo
2023-04-18,30366.870000,7947308760.660000,4.830000,1,subindo
2023-04-19,28796.740000,11021822315.320000,4.830000,1,subindo
2023-04-20,28251.280000,8649744774.389999,4.830000,1,subindo
2023-04-21,27292.020000,8535614918.720000,4.830000,1,subindo
2023-04-22,27827.550000,4260267743.800000,4.830000,0,subindo
2023-04-23,27604.690000,4120658132.690000,4.830000,0,subindo
2023-04-24,27520.200000,7050552654.140000,4.830000,1,subindo
2023-04-25,28302.690000,6847442589.990000,4.830000,1,subindo
2023-04-26,28384.230000,15212447057.530001,4.830000,1,subindo
2023-04-27,29465.550000,12363485144.160000,4.830000,1,subindo
2023-04-28,29350.810000,7144326139.330000,4.830000,1,subindo
2023-04-29,29221.510000,3207709786.450000,4.830000,0,subindo
2023-04-30,29362.090000,5504280186.650000,4.830000,0,subindo
2023-05-01,28114.950000,7883497032.760000,4.830000,1,subindo
2023-05-02,28690.580000,6646631455.910000,4.830000,1,subindo
2023-05-03,29045.040000,8265211496.740000,4.830000,1,subindo
2023-05-04,28855.860000,6166023948.110000,5.080000,1,subindo
2023-05-05,29552.970000,7492150984.030000,5.080000,1,subindo
2023-05-06,28899.460000,5931118826.140000,5.080000,0,subindo
2023-05-07,28761.740000,3911869860.590000,5.080000,0,subindo
2023-05-08,27727.290000,7737229754.280000,5.080000,1,subindo
2023-05-09,27642.430000,4884140425.790000,5.080000,1,subindo
2023-05-10,27646.000000,8491614187.990000,5.080000,1,subindo
2023-05-11,26986.270000,6425277783.870000,5.080000,1,subindo
2023-05-12,26773.340000,7818548935.840000,5.080000,1,subindo
2023-05-13,26841.400000,2838317748.950000,5.080000,0,subindo
2023-05-14,26918.260000,2882677526.950000,5.080000,0,subindo
2023-05-15,27231.620000,5590897813.890000,5.080000,1,subindo
2023-05-16,27025.720000,4764764947.290000,5.080000,1,subindo
2023-05-17,27401.040000,5810913341.000000,5.080000,1,subindo
2023-05-18,26843.240000,6212796258.180000,5.080000,1,subindo
2023-05-19,26889.500000,4389699021.580000,5.080000,1,subindo
2023-05-20,27100.860000,1915270275.410000,5.080000,0,subindo
2023-05-21,26777.100000,2854390677.020000,5.080000,0,subindo
2023-05-22,26858.740000,4451246527.740000,5.080000,1,subindo
2023-05-23,27226.860000,5505951484.510000,5.080000,1,subindo
2023-05-24,26341.430000,7096599462.910000,5.080000,1,subindo
2023-05-25,26484.840000,5832917354.580000,5.080000,1,subindo
2023-05-26,26720.380000,5003777162.300000,5.080000,1,subindo
2023-05-27,26854.540000,2538585694.500000,5.080000,0,subindo
2023-05-28,28097.520000,5798613422.830000,5.080000,0,subindo
2023-05-29,27765.070000,6119584360.690000,5.080000,0,subindo
2023-05-30,27712.490000,5484483730.760000,5.080000,1,subindo
2023-05-31,27217.680000,6911520753.530000,5.080000,1,subindo
2023-06-01,26825.370000,6363290083.980000,5.080000,1,subindo
2023-06-02,27255.230000,6652686405.180000,5.080000,1,subindo
2023-06-03,27079.410000,2858086295.600000,5.080000,0,subindo
2023-06-04,27158.250000,3471882669.180000,5.080000,0,subindo
2023-06-05,25785.850000,10148508271.709999,5.080000,1,subindo
2023-06-06,27213.770000,9619485776.809999,5.080000,1,subindo
2023-06-07,26339.580000,8417286897.010000,5.080000,1,subindo
2023-06-08,26521.690000,4618255536.750000,5.080000,1,subindo
2023-06-09,26470.680000,4223919193.040000,5.080000,1,subindo
2023-06-10,25863.210000,8255423375.060000,5.080000,0,subindo
2023-06-11,25906.830000,3912637767.870000,5.080000,0,subindo
2023-06-12,25906.750000,4670223904.600000,5.080000,1,subindo
2023-06-13,25880.860000,5877742254.150000,5.080000,1,subindo
2023-06-14,25097.590000,5863303245.970000,5.080000,1,subindo
2023-06-15,25559.140000,6053072252.210000,5.070000,1,subindo
2023-06-16,26331.820000,6021517323.110000,5.080000,1,subindo
2023-06-17,26514.170000,3578241960.020000,5.080000,0,subindo
2023-06-18,26353.960000,2867206944.910000,5.080000,0,subindo
2023-06-19,26778.060000,4868829634.880000,5.080000,0,subindo
2023-06-20,28305.420000,9160851015.990000,5.070000,1,subindo
2023-06-21,30099.520000,14825598404.500000,5.070000,1,subindo
2023-06-22,29952.510000,8687518014.139999,5.070000,1,subindo
2023-06-23,30638.350000,11839148108.090000,5.070000,1,subindo
2023-06-24,30549.020000,4875703648.320000,5.070000,0,subindo
2023-06-25,30467.440000,5256751662.670000,5.070000,0,subindo
2023-06-26,30255.890000,7410950245.380000,5.070000,1,subindo
2023-06-27,30667.080000,7234774435.830000,5.070000,1,subindo
2023-06-28,30104.040000,5909934222.490000,5.070000,1,subindo
2023-06-29,30460.790000,4914939135.460000,5.070000,1,subindo
2023-06-30,30484.500000,11780502234.090000,5.080000,1,subindo
2023-07-01,30581.690000,2726601695.110000,5.080000,0,subindo
2023-07-02,30594.220000,3537090094.080000,5.080000,0,subindo
2023-07-03,31135.360000,6043993583.420000,5.080000,1,parado
2023-07-04,30799.950000,4748446596.380000,5.080000,0,parado
2023-07-05,30497.820000,4829206679.160000,5.080000,1,parado
2023-07-06,29979.730000,9654693738.600000,5.080000,1,parado
2023-07-07,30329.880000,5314294892.350000,5.080000,1,parado
2023-07-08,30263.620000,2261205453.260000,5.080000,0,parado
2023-07-09,30163.220000,2596995708.680000,5.080000,0,parado
2023-07-10,30394.660000,6215298401.390000,5.070000,1,parado
2023-07-11,30616.250000,4874528785.900000,5.080000,1,parado
2023-07-12,30385.610000,6230948433.230000,5.080000,1,parado
2023-07-13,31434.740000,10790373342.410000,5.080000,1,parado
2023-07-14,30310.670000,8953014991.660000,5.080000,1,parado
2023-07-15,30290.890000,2265207886.060000,5.080000,0,parado
2023-07-16,30249.770000,2764118875.900000,5.080000,0,parado
2023-07-17,30143.750000,5106405292.950000,5.080000,1,parado
2023-07-18,29835.750000,5094855133.850000,5.080000,1,parado
2023-07-19,29913.030000,4532638264.230000,5.080000,1,parado
2023-07-20,29805.610000,5669369708.510000,5.080000,1,parado
2023-07-21,29919.690000,3704983459.080000,5.080000,1,parado
2023-07-22,29726.010000,2219276843.900000,5.080000,0,parado
2023-07-23,30066.570000,3083037646.000000,5.080000,0,parado
2023-07-24,29178.360000,6486581945.120000,5.080000,1,parado
2023-07-25,29221.250000,3444990279.570000,5.080000,1,parado
2023-07-26,29361.590000,5178877856.810000,5.080000,1,parado
2023-07-27,29201.690000,4153175440.060000,5.330000,1,subindo
2023-07-28,29316.310000,4329003455.710000,5.330000,1,subindo
2023-07-29,29360.380000,1931308938.760000,5.330000,0,subindo
2023-07-30,29262.840000,2998235280.570000,5.330000,0,subindo
2023-07-31,29219.820000,4799611830.710000,5.330000,1,subindo
2023-08-01,29499.590000,7836049469.240000,5.330000,1,subindo
2023-08-02,29143.150000,7872215309.450000,5.330000,1,subindo
2023-08-03,29192.340000,5148828183.380000,5.330000,1,subindo
2023-08-04,29057.250000,4719711906.130000,5.330000,1,subindo
2023-08-05,29053.100000,2030023814.610000,5.330000,0,subindo
2023-08-06,29048.040000,2353549520.780000,5.330000,0,subindo
2023-08-07,29164.360000,5542085527.170000,5.330000,1,subindo
2023-08-08,29779.510000,7298489071.920000,5.330000,1,subindo
2023-08-09,29582.940000,6264604698.430000,5.330000,1,subindo
2023-08-10,29430.160000,4537729588.200000,5.330000,1,subindo
2023-08-11,29399.780000,3635531576.610000,5.330000,1,subindo
2023-08-12,29415.730000,1601995960.380000,5.330000,0,subindo
2023-08-13,29286.120000,1969606358.300000,5.330000,0,subindo
2023-08-14,29408.970000,5411567058.550000,5.330000,1,subindo
2023-08-15,29167.600000,4488882769.760000,5.330000,1,subindo
2023-08-16,28754.290000,5397398364.500000,5.330000,1,subindo
2023-08-17,26660.560000,13687172656.809999,5.330000,1,subindo
2023-08-18,26037.370000,9612175514.900000,5.330000,1,subindo
2023-08-19,26093.980000,3644527423.410000,5.330000,0,subindo
2023-08-20,26176.470000,2734270910.780000,5.330000,0,subindo
2023-08-21,26128.910000,4879156212.890000,5.330000,1,subindo
2023-08-22,25978.210000,5539445605.870000,5.330000,1,subindo
2023-08-23,26452.190000,6338027659.610000,5.330000,1,subindo
2023-08-24,26126.790000,4584258863.610000,5.330000,1,subindo
2023-08-25,26040.880000,4684616570.960000,5.330000,1,subindo
2023-08-26,26006.170000,1364857637.350000,5.330000,0,subindo
2023-08-27,26086.360000,1634778171.910000,5.330000,0,subindo
2023-08-28,26103.280000,3675374039.370000,5.330000,1,subindo
2023-08-29,27672.220000,11854107500.740000,5.330000,1,subindo
2023-08-30,27299.000000,6179730013.970000,5.330000,1,subindo
2023-08-31,25954.870000,8209623515.080000,5.330000,1,subindo
2023-09-01,25802.790000,6902128000.880000,5.330000,1,subindo
2023-09-02,25868.300000,2929835094.590000,5.330000,0,subindo
2023-09-03,25962.550000,3089859704.900000,5.330000,0,subindo
2023-09-04,25799.530000,3678098576.840000,5.330000,0,subindo
2023-09-05,25782.360000,3712055278.700000,5.330000,1,subindo
2023-09-06,25754.790000,4656976560.440000,5.330000,1,subindo
2023-09-07,26210.600000,3723070041.110000,5.330000,1,subindo
2023-09-08,25904.700000,3507237481.970000,5.330000,1,subindo
2023-09-09,25894.620000,1187645696.050000,5.330000,0,subindo
2023-09-10,25831.460000,2263377937.990000,5.330000,0,subindo
2023-09-11,25135.040000,5417217457.770000,5.330000,1,subindo
2023-09-12,25859.700000,7239867563.250000,5.330000,1,subindo
2023-09-13,26226.870000,4279985003.820000,5.330000,1,subindo
2023-09-14,26556.060000,4696088237.200000,5.330000,1,subindo
2023-09-15,26672.620000,3424122725.270000,5.330000,1,subindo
2023-09-16,26555.640000,1744591047.680000,5.330000,0,subindo
2023-09-17,26502.430000,1490607082.230000,5.330000,0,subindo
2023-09-18,26764.630000,5560639373.120000,5.330000,1,subindo
2023-09-19,27215.050000,4913249704.960000,5.330000,1,subindo
2023-09-20,27133.400000,4633520638.700000,5.330000,1,subindo
2023-09-21,26571.600000,4276124173.700000,5.330000,1,subindo
2023-09-22,26581.150000,2843604495.260000,5.330000,1,subindo
2023-09-23,26575.780000,1166107250.290000,5.330000,0,subindo
2023-09-24,26286.640000,2095763667.580000,5.330000,0,subindo
2023-09-25,26288.810000,4051736612.210000,5.330000,1,parado
2023-09-26,26194.540000,2834296816.300000,5.330000,1,parado
2023-09-27,26336.080000,4845264264.870000,5.330000,1,parado
2023-09-28,27033.430000,5964040338.680000,5.330000,1,parado
2023-09-29,26911.250000,4361323030.380000,5.330000,1,parado
2023-09-30,26977.690000,1755807865.430000,5.330000,0,parado
2023-10-01,27950.150000,3789419594.090000,5.330000,0,parado
2023-10-02,27565.890000,8727177078.799999,5.330000,1,parado
2023-10-03,27439.140000,4947479217.070000,5.330000,1,parado
2023-10-04,27797.250000,4802327917.730000,5.330000,1,parado
2023-10-05,27426.350000,5332495417.610000,5.330000,1,parado
2023-10-06,27941.960000,6071007807.010000,5.330000,1,parado
2023-10-07,27972.750000,2616586287.080000,5.330000,0,parado
2023-10-08,27936.330000,3254719839.200000,5.330000,0,parado
2023-10-09,27591.350000,5457622957.340000,5.330000,0,parado
2023-10-10,27419.800000,4514397807.140000,5.330000,1,parado
2023-10-11,26828.170000,6260905029.840000,5.330000,1,parado
2023-10-12,26741.340000,4287513478.220000,5.330000,1,parado
2023-10-13,26842.450000,4544161112.750000,5.330000,1,parado
2023-10-14,26861.990000,1882805808.430000,5.330000,0,parado
2023-10-15,27130.310000,2820659277.200000,5.330000,0,parado
2023-10-16,28506.790000,12324231538.490000,5.330000,1,parado
2023-10-17,28433.210000,6382458113.240000,5.330000,1,parado
2023-10-18,28328.080000,5498621182.740000,5.330000,1,parado
2023-10-19,28690.360000,6304460034.500000,5.330000,1,parado
2023-10-20,29704.990000,9627457733.980000,5.330000,1,parado
2023-10-21,29922.550000,4908622874.480000,5.330000,0,parado
2023-10-22,29984.160000,4357335589.340000,5.330000,0,parado
2023-10-23,32954.170000,16565435018.969999,5.330000,1,parado
2023-10-24,33880.960000,19576541722.880001,5.330000,1,parado
2023-10-25,34488.660000,11314675190.170000,5.330000,1,parado
2023-10-26,34181.490000,8615390557.110001,5.330000,1,parado
2023-10-27,33896.940000,7105739348.660000,5.330000,1,parado
2023-10-28,34091.590000,3717269221.570000,5.330000,0,parado
2023-10-29,34574.340000,4172953364.730000,5.330000,0,parado
2023-10-30,34495.110000,6957948419.080000,5.330000,1,parado
2023-10-31,34636.430000,6883517299.590000,5.330000,1,parado
2023-11-01,35431.980000,9548618314.360001,5.330000,1,parado
2023-11-02,34882.920000,9262709776.040001,5.330000,1,parado
2023-11-03,34708.220000,7095965429.410000,5.330000,1,parado
2023-11-04,35091.080000,3374871978.980000,5.330000,0,parado
2023-11-05,35105.040000,4822792964.070000,5.330000,0,parado
2023-11-06,35017.720000,5083270154.960000,5.330000,1,parado
2023-11-07,35418.480000,7351195616.140000,5.330000,1,parado
2023-11-08,35797.890000,6911668170.530000,5.330000,1,parado
2023-11-09,36675.330000,15948098456.879999,5.330000,1,parado
2023-11-10,37367.490000,8914376429.049999,5.330000,0,parado
2023-11-11,36979.930000,5097651991.820000,5.330000,0,parado
2023-11-12,37053.340000,4172077176.730000,5.330000,0,parado
2023-11-13,36543.270000,7867716300.200000,5.330000,1,parado
2023-11-14,35590.680000,10073551301.040001,5.330000,1,parado
2023-11-15,37840.550000,10978796242.180000,5.330000,1,parado
2023-11-16,36160.400000,10843548581.160000,5.330000,1,parado
2023-11-17,36569.710000,8609484089.360001,5.330000,1,parado
2023-11-18,36577.420000,3820646508.270000,5.330000,0,parado
2023-11-19,37442.730000,4365444223.660000,5.330000,0,parado
2023-11-20,37516.050000,8633330601.559999,5.330000,1,parado
2023-11-21,36035.030000,11345690429.969999,5.330000,1,parado
2023-11-22,37403.030000,9696815489.430000,5.330000,1,parado
2023-11-23,37311.720000,5661761184.070000,5.330000,0,parado
2023-11-24,37718.780000,9283265713.250000,5.330000,1,parado
2023-11-25,37800.130000,2935657938.970000,5.330000,0,parado
2023-11-26,37482.710000,4749678489.380000,5.330000,0,parado
2023-11-27,37229.250000,7489775041.370000,5.330000,1,parado
2023-11-28,37828.470000,8682782877.389999,5.330000,1,parado
2023-11-29,37846.850000,7825117481.350000,5.330000,1,parado
2023-11-30,37712.710000,5939392550.360000,5.330000,1,parado
2023-12-01,38703.550000,9347568826.510000,5.330000,1,parado
2023-12-02,39462.280000,5949409529.200000,5.330000,0,parado
2023-12-03,39978.220000,6093915090.950000,5.330000,0,parado
2023-12-04,41910.300000,15988298256.600000,5.330000,1,parado
2023-12-05,44067.010000,15948537678.610001,5.330000,1,parado
2023-12-06,43745.830000,13324410750.889999,5.330000,1,parado
2023-12-07,43282.620000,11573711318.680000,5.330000,1,parado
2023-12-08,44205.050000,10161998447.930000,5.330000,1,parado
2023-12-09,43740.010000,6797659427.680000,5.330000,0,parado
2023-12-10,43732.710000,4823569819.050000,5.330000,0,parado
2023-12-11,41209.890000,17260175545.099998,5.330000,1,parado
2023-12-12,41467.270000,10941804000.840000,5.330000,1,parado
2023-12-13,42939.060000,11726004748.709999,5.330000,1,parado
2023-12-14,43033.140000,11311843952.799999,5.330000,1,parado
2023-12-15,41978.100000,8608453744.129999,5.330000,1,parado
2023-12-16,42203.210000,6093493256.470000,5.330000,0,parado
2023-12-17,41428.670000,7021378472.640000,5.330000,0,parado
2023-12-18,42635.730000,11494320344.950001,5.330000,1,parado
2023-12-19,42271.860000,10621280570.459999,5.330000,1,parado
2023-12-20,43605.160000,12722756432.950001,5.330000,1,parado
2023-12-21,43870.240000,10320384226.330000,5.330000,1,parado
2023-12-22,44009.500000,8965129935.150000,5.330000,1,parado
2023-12-23,43768.810000,4515142974.260000,5.330000,0,parado
2023-12-24,43097.810000,6199013474.720000,5.330000,0,parado
2023-12-25,43623.750000,7193933449.690000,5.330000,0,parado
2023-12-26,42491.120000,10730949500.219999,5.330000,1,parado
2023-12-27,43436.960000,9344062846.959999,5.330000,1,parado
2023-12-28,42670.680000,9734850249.840000,5.330000,1,parado
2023-12-29,41998.600000,10997021534.090000,5.330000,1,parado
2023-12-30,42204.490000,6627146775.040000,5.330000,0,parado
2023-12-31,42217.160000,6837092115.980000,5.330000,0,parado
2024-01-01,44049.470000,7250545702.150000,5.330000,0,parado
2024-01-02,44941.160000,17081514981.059999,5.330000,1,parado
2024-01-03,42773.650000,19553734305.139999,5.330000,1,parado
2024-01-04,44250.750000,14039209485.230000,5.330000,1,parado
2024-01-05,44146.320000,14588099215.020000,5.330000,1,parado
2024-01-06,43917.980000,6247900761.330000,5.330000,0,parado
2024-01-07,43844.200000,7431340107.710000,5.330000,0,parado
2024-01-08,46981.320000,18542335463.889999,5.330000,1,parado
2024-01-09,46084.010000,19155255590.580002,5.330000,1,parado
2024-01-10,46818.160000,24715285126.360001,5.330000,1,parado
2024-01-11,46380.870000,22411212266.980000,5.330000,1,parado
2024-01-12,42817.430000,21213212040.150002,5.330000,1,parado
2024-01-13,42846.950000,9337122570.330000,5.330000,0,parado
2024-01-14,41888.150000,7573647279.560000,5.330000,0,parado
2024-01-15,42528.920000,9928562848.030001,5.330000,0,parado
2024-01-16,43171.450000,10909593921.320000,5.330000,1,parado
2024-01-17,42689.300000,9956022710.600000,5.330000,1,parado
2024-01-18,41261.910000,12254888799.330000,5.330000,1,parado
2024-01-19,41606.850000,12472765847.690001,5.330000,1,parado
2024-01-20,41668.690000,4734275621.330000,5.330000,0,parado
2024-01-21,41537.110000,3516213148.540000,5.330000,0,parado
2024-01-22,39577.100000,16041563733.770000,5.330000,1,parado
2024-01-23,39737.310000,14034802469.450001,5.330000,1,parado
2024-01-24,40101.860000,10293589599.780001,5.330000,1,parado
2024-01-25,39917.660000,8336836447.410000,5.330000,1,parado
2024-01-26,41860.730000,11836749256.990000,5.330000,1,parado
2024-01-27,42125.300000,4277956106.270000,5.330000,0,parado
2024-01-28,41983.020000,7452485056.600000,5.330000,0,parado
2024-01-29,43218.350000,9287336135.459999,5.330000,1,parado
2024-01-30,42950.050000,11688762263.709999,5.330000,1,parado
2024-01-31,42589.470000,12400621163.459999,5.330000,1,parado
2024-02-01,43020.360000,10465078654.280001,5.330000,1,parado
2024-02-02,43155.390000,8982726520.129999,5.330000,1,parado
2024-02-03,42982.380000,5566272431.180000,5.330000,0,parado
2024-02-04,42576.290000,7277561262.550000,5.330000,0,parado
2024-02-05,42619.270000,9406372917.010000,5.330000,1,parado
2024-02-06,43102.710000,8190085455.030000,5.330000,1,parado
2024-02-07,44253.030000,10002456696.549999,5.330000,1,parado
2024-02-08,45332.090000,12597654187.540001,5.330000,1,parado
2024-02-09,47176.970000,19841936110.680000,5.330000,1,parado
2024-02-10,47792.900000,7703583213.360000,5.330000,0,parado
2024-02-11,48200.800000,9603675210.260000,5.330000,0,parado
2024-02-12,49989.800000,17365521058.400002,5.330000,1,parado
2024-02-13,49628.090000,15691373453.900000,5.330000,1,parado
2024-02-14,51844.290000,16940117136.520000,5.330000,1,parado
2024-02-15,51939.150000,17451008707.410000,5.330000,1,parado
2024-02-16,52157.310000,13040715769.830000,5.330000,1,parado
2024-02-17,51674.820000,9005429080.280001,5.330000,0,parado
2024-02-18,52148.060000,7526703072.990000,5.330000,0,parado
2024-02-19,51804.810000,9863692990.889999,5.330000,0,parado
2024-02-20,52308.050000,15883875039.049999,5.330000,1,parado
2024-02-21,51744.320000,13513961689.980000,5.330000,1,parado
2024-02-22,51292.330000,12010457032.190001,5.330000,1,parado
2024-02-23,50789.140000,10099100115.920000,5.330000,1,parado
2024-02-24,51578.230000,5402504165.220000,5.330000,0,parado
2024-02-25,51746.480000,6188818930.840000,5.330000,0,parado
2024-02-26,54551.830000,16287851720.049999,5.330000,1,parado
2024-02-27,57049.890000,23460065502.360001,5.330000,1,parado
2024-02-28,62460.740000,37748173828.669998,5.330000,1,parado
2024-02-29,61394.780000,29592026760.180000,5.330000,1,parado
2024-03-01,62524.400000,17712347587.869999,5.330000,1,parado
2024-03-02,62049.610000,10784520019.709999,5.330000,0,parado
2024-03-03,62991.440000,12296134824.559999,5.330000,0,parado
2024-03-04,68091.840000,34123998240.660000,5.330000,1,parado
2024-03-05,63950.520000,50764709477.529999,5.330000,1,parado
2024-03-06,66103.720000,35033812966.690002,5.330000,1,parado
2024-03-07,67070.380000,22336546805.610001,5.330000,1,parado
2024-03-08,68343.710000,29222451631.720001,5.330000,1,parado
2024-03-09,68502.510000,9199042074.110001,5.330000,0,parado
2024-03-10,68882.250000,16809904496.059999,5.330000,0,parado
2024-03-11,72198.090000,33331070279.389999,5.330000,1,parado
2024-03-12,71432.730000,30705891174.730000,5.330000,1,parado
2024-03-13,73081.580000,22160525055.369999,5.330000,1,parado
2024-03-14,71505.270000,30240525378.430000,5.330000,1,parado
2024-03-15,69424.910000,40360590608.580002,5.330000,1,parado
2024-03-16,65433.680000,23004415587.279999,5.330000,0,parado
2024-03-17,68285.090000,21229313303.560001,5.330000,0,parado
2024-03-18,67770.890000,24265605725.419998,5.330000,1,parado
2024-03-19,61969.310000,38738969377.639999,5.330000,1,parado
2024-03-20,67848.110000,32123614449.810001,5.330000,1,parado
2024-03-21,65454.740000,21487928137.930000,5.330000,1,parado
2024-03-22,63486.480000,19721363454.400002,5.330000,1,parado
2024-03-23,64361.240000,11764824453.520000,5.330000,0,parado
2024-03-24,67289.570000,12911892642.040001,5.330000,0,parado
2024-03-25,70042.020000,21329523547.270000,5.330000,1,parado
2024-03-26,70071.050000,17284660355.820000,5.330000,1,parado
2024-03-27,69267.890000,20451494078.459999,5.330000,1,parado
2024-03-28,70826.900000,15976055967.200001,5.330000,1,parado
2024-03-29,69917.040000,11999225207.160000,5.330000,1,parado
2024-03-30,69663.010000,7926552761.620000,5.330000,0,parado
2024-03-31,71227.450000,9203296614.500000,5.330000,0,parado
2024-04-01,69791.630000,17397697887.779999,5.330000,1,parado
2024-04-02,65533.750000,25508764845.750000,5.330000,1,parado
2024-04-03,66130.220000,17128825758.400000,5.330000,1,parado
2024-04-04,68438.140000,16735981387.610001,5.330000,1,parado
2024-04-05,67904.910000,16347252619.600000,5.330000,1,parado
2024-04-06,69136.070000,8828303155.129999,5.330000,0,parado
2024-04-07,69392.680000,9406769292.480000,5.330000,0,parado
2024-04-08,71712.800000,17668577011.450001,5.330000,1,parado
2024-04-09,69074.540000,18376589885.299999,5.330000,1,parado
2024-04-10,70579.450000,18832758220.570000,5.330000,1,parado
2024-04-11,70046.550000,14374796057.110001,5.330000,1,parado
2024-04-12,67098.110000,22015938771.439999,5.330000,1,parado
2024-04-13,64551.650000,26572714113.110001,5.330000,0,parado
2024-04-14,65648.810000,22769527349.279999,5.330000,0,parado
2024-04-15,63393.330000,20122868493.290001,5.330000,1,parado
2024-04-16,63784.820000,19855744773.400002,5.330000,1,parado
2024-04-17,61324.220000,21032645521.669998,5.330000,1,parado
2024-04-18,63510.150000,16729182705.959999,5.330000,1,parado
2024-04-19,63762.630000,24290125621.709999,5.330000,1,parado
2024-04-20,64907.990000,10209755943.910000,5.330000,0,parado
2024-04-21,64968.190000,9474636328.850000,5.330000,0,parado
2024-04-22,66944.600000,13646040858.889999,5.330000,1,parado
2024-04-23,66385.300000,12194434101.000000,5.330000,1,parado
2024-04-24,64189.970000,15881071503.610001,5.330000,1,parado
2024-04-25,64515.390000,17731373529.360001,5.330000,1,parado
2024-04-26,63777.470000,11464251164.219999,5.330000,1,parado
2024-04-27,63429.310000,8373511757.420000,5.330000,0,parado
2024-04-28,62978.580000,7491524824.730000,5.330000,0,parado
2024-04-29,63908.390000,13056261845.709999,5.330000,1,parado
2024-04-30,60636.330000,18760431064.930000,5.330000,1,parado
2024-05-01,58141.780000,24737539559.200001,5.330000,1,parado
2024-05-02,59170.110000,15829327094.809999,5.330000,1,parado
2024-05-03,62983.660000,16327186144.139999,5.330000,1,parado
2024-05-04,63881.130000,9029725334.889999,5.330000,0,parado
2024-05-05,64067.600000,7753748893.080000,5.330000,0,parado
2024-05-06,63228.100000,14093132482.150000,5.330000,1,parado
2024-05-07,62397.000000,13220781325.320000,5.330000,1,parado
2024-05-08,61079.270000,13478603263.180000,5.330000,1,parado
2024-05-09,62998.490000,11740991586.809999,5.330000,1,parado
2024-05-10,60896.640000,12913363816.920000,5.330000,1,parado
2024-05-11,60843.570000,5455046417.610000,5.330000,0,parado
2024-05-12,61431.270000,5509089321.330000,5.330000,0,parado
2024-05-13,62886.940000,13211250469.400000,5.330000,1,parado
2024-05-14,61555.570000,12113667608.000000,5.330000,1,parado
2024-05-15,66281.530000,17172897069.120001,5.330000,1,parado
2024-05-16,65269.260000,12906388209.780001,5.330000,1,parado
2024-05-17,66956.440000,11811647501.070000,5.330000,1,parado
2024-05-18,66977.600000,5878346194.850000,5.330000,0,parado
2024-05-19,66259.470000,7041873685.300000,5.330000,0,parado
2024-05-20,71202.200000,18490055736.139999,5.330000,1,parado
2024-05-21,70217.250000,18835543083.720001,5.330000,1,parado
2024-05-22,69074.910000,14298552149.299999,5.330000,1,parado
2024-05-23,67758.730000,18478056191.220001,5.330000,1,parado
2024-05-24,68609.000000,12171953685.110001,5.330000,1,parado
2024-05-25,69282.790000,5647519580.360000,5.330000,0,parado
2024-05-26,68445.010000,5805945887.070000,5.330000,0,parado
2024-05-27,69347.820000,10599944567.790001,5.330000,0,parado
2024-05-28,68342.820000,13217023044.389999,5.330000,1,parado
2024-05-29,67584.260000,11381516745.639999,5.330000,1,parado
2024-05-30,68375.480000,12399825204.370001,5.330000,1,parado
2024-05-31,67377.760000,11245236295.370001,5.330000,1,parado
2024-06-01,67714.350000,4118586345.360000,5.330000,0,parado
2024-06-02,67805.490000,6192684953.640000,5.330000,0,parado
2024-06-03,68833.300000,13069431044.100000,5.330000,1,parado
2024-06-04,70554.090000,13704074333.020000,5.330000,1,parado
2024-06-05,71087.440000,13604866856.670000,5.330000,1,parado
2024-06-06,70788.500000,10437499206.309999,5.330000,1,parado
2024-06-07,69338.160000,15828294865.750000,5.330000,1,parado
2024-06-08,69310.110000,5663235248.910000,5.330000,0,parado
2024-06-09,69644.020000,5172310950.030000,5.330000,0,parado
2024-06-10,69465.940000,8753023986.250000,5.330000,1,parado
2024-06-11,67368.260000,18296080106.639999,5.330000,1,parado
2024-06-12,68213.830000,16808022781.030001,5.330000,1,parado
2024-06-13,66783.490000,13613395924.790001,5.330000,1,parado
2024-06-14,65982.190000,12994996576.420000,5.330000,1,parado
2024-06-15,66204.900000,4958017660.390000,5.330000,0,parado
2024-06-16,66622.600000,4646838310.800000,5.330000,0,parado
2024-06-17,66483.880000,12946665205.600000,5.330000,1,parado
2024-06-18,65112.120000,17154948359.820000,5.330000,1,parado
2024-06-19,64878.710000,8320519730.090000,5.330000,0,parado
2024-06-20,64897.700000,10487188943.360001,5.330000,1,parado
2024-06-21,64086.050000,10823506045.600000,5.330000,1,parado
2024-06-22,64258.140000,2939982450.650000,5.330000,0,parado
2024-06-23,63345.020000,3654691779.970000,5.330000,0,parado
2024-06-24,60258.960000,19349344375.459999,5.330000,1,parado
2024-06-25,61739.670000,11961566774.799999,5.330000,1,parado
2024-06-26,60794.480000,8931736244.350000,5.330000,1,parado
2024-06-27,61569.920000,8657071869.680000,5.330000,1,parado
2024-06-28,60303.310000,10281355347.100000,5.330000,1,parado
2024-06-29,60889.330000,4188531828.180000,5.330000,0,parado
2024-06-30,62763.280000,6274709490.460000,5.330000,0,parado
2024-07-01,62835.400000,10282004110.450001,5.330000,1,parado
2024-07-02,62028.620000,8012153705.410000,5.330000,1,parado
2024-07-03,60216.390000,11875055484.100000,5.330000,1,parado
2024-07-04,57418.240000,16868693674.110001,5.330000,0,parado
2024-07-05,56720.990000,21881106663.779999,5.330000,1,parado
2024-07-06,58259.220000,7714676582.440000,5.330000,0,parado
2024-07-07,56112.570000,7569481196.530000,5.330000,0,parado
2024-07-08,56691.910000,16027546830.930000,5.330000,1,parado
2024-07-09,57981.430000,10963306049.170000,5.330000,1,parado
2024-07-10,57722.010000,10008854853.930000,5.330000,1,parado
2024-07-11,57307.710000,11321406493.209999,5.330000,1,parado
2024-07-12,57859.120000,10057565384.469999,5.330000,1,parado
2024-07-13,59329.040000,6041284387.840000,5.330000,0,parado
2024-07-14,61015.030000,8242557173.650000,5.330000,0,parado
2024-07-15,64734.760000,14784189654.139999,5.330000,1,parado
2024-07-16,65118.830000,15955797076.290001,5.330000,1,parado
2024-07-17,64201.370000,12372196024.350000,5.330000,1,parado
2024-07-18,63984.300000,10444717921.840000,5.330000,1,parado
2024-07-19,66755.780000,14344051553.059999,5.330000,1,parado
2024-07-20,67185.500000,6327511276.000000,5.330000,0,parado
2024-07-21,68056.620000,9875839945.420000,5.330000,0,parado
2024-07-22,67535.200000,23596745505.970001,5.330000,1,parado
2024-07-23,65916.410000,13978539534.500000,5.330000,1,parado
2024-07-24,65353.390000,10205213346.799999,5.330000,1,parado
2024-07-25,65722.060000,14383308820.820000,5.330000,1,parado
2024-07-26,67912.240000,11359760478.920000,5.330000,1,parado
2024-07-27,68077.370000,12941347929.920000,5.330000,0,parado
2024-07-28,68170.670000,6293226346.310000,5.330000,0,parado
2024-07-29,66867.170000,15565757911.709999,5.330000,1,parado
2024-07-30,66186.910000,11393935670.510000,5.330000,1,parado
2024-07-31,64690.630000,12080963633.120001,5.330000,1,parado
2024-08-01,65178.060000,17040173764.030001,5.330000,1,parado
2024-08-02,61506.770000,15038658306.290001,5.330000,1,parado
2024-08-03,60688.240000,13095816561.629999,5.330000,0,parado
2024-08-04,58306.260000,13129104897.520000,5.330000,0,parado
2024-08-05,54343.630000,48882416601.580002,5.330000,1,parado
2024-08-06,56047.470000,20401237616.509998,5.330000,1,parado
2024-08-07,55129.740000,17738480521.369999,5.330000,1,parado
2024-08-08,61908.790000,18837776332.299999,5.330000,1,parado
2024-08-09,60720.940000,14166347052.500000,5.330000,1,parado
2024-08-10,60871.560000,6490103819.060000,5.330000,0,parado
2024-08-11,58836.100000,9554966005.209999,5.330000,0,parado
2024-08-12,59394.160000,15257017358.500000,5.330000,1,parado
2024-08-13,60536.250000,12478915078.600000,5.330000,1,parado
2024-08-14,58840.650000,13116633836.360001,5.330000,1,parado
2024-08-15,57644.190000,15386220421.129999,5.330000,1,parado
2024-08-16,58927.280000,12231042437.780001,5.330000,1,parado
2024-08-17,59414.670000,5483272906.190000,5.330000,0,parado
2024-08-18,58793.210000,7079060376.860000,5.330000,0,parado
2024-08-19,59411.520000,10645902084.870001,5.330000,1,parado
2024-08-20,59123.300000,12753006008.219999,5.330000,1,parado
2024-08-21,61133.030000,13247509943.740000,5.330000,1,parado
2024-08-22,60394.470000,11741932208.290001,5.330000,1,parado
2024-08-23,64106.800000,17735289695.680000,5.330000,1,parado
2024-08-24,64023.230000,8332042279.610000,5.330000,0,parado
2024-08-25,64498.020000,7344246577.530000,5.330000,0,parado
2024-08-26,62983.440000,11765222507.910000,5.330000,1,parado
2024-08-27,59548.010000,16196170156.340000,5.330000,1,parado
2024-08-28,59100.770000,16269227449.240000,5.330000,1,parado
2024-08-29,59339.790000,13490674905.180000,5.330000,1,parado
2024-08-30,59142.940000,13277703706.350000,5.330000,1,parado
2024-08-31,58959.930000,4345701281.360000,5.330000,0,parado
2024-09-01,57349.080000,9816811735.950001,5.330000,0,parado
2024-09-02,59159.020000,11047866969.129999,5.330000,0,parado
2024-09-03,57637.780000,11039730131.910000,5.330000,1,parado
2024-09-04,58033.400000,14648077451.459999,5.330000,1,parado
2024-09-05,56112.950000,13216773017.370001,5.330000,1,parado
2024-09-06,53838.950000,21229088261.290001,5.330000,1,parado
2024-09-07,54066.440000,6886541284.190000,5.330000,0,parado
2024-09-08,54859.260000,6829908237.890000,5.330000,0,parado
2024-09-09,57135.780000,14170268042.320000,5.330000,1,parado
2024-09-10,57664.500000,12122066016.860001,5.330000,1,parado
2024-09-11,57409.200000,16186368450.709999,5.330000,1,parado
2024-09-12,58124.640000,13633068245.870001,5.330000,1,parado
2024-09-13,60536.880000,13583062100.600000,5.330000,1,parado
2024-09-14,60007.170000,5896778267.480000,5.330000,0,parado
2024-09-15,59129.920000,6978906950.180000,5.330000,0,parado
2024-09-16,58227.460000,13071559303.379999,5.330000,1,parado
2024-09-17,60238.220000,15841085588.040001,5.330000,1,parado
2024-09-18,61306.230000,17613526890.270000,5.330000,1,parado
2024-09-19,62994.610000,17659705947.459999,4.830000,1,cortando
2024-09-20,63153.950000,14673503405.410000,4.830000,1,cortando
2024-09-21,63367.730000,5119970502.220000,4.830000,0,cortando
2024-09-22,63571.950000,7725566645.390000,4.830000,0,cortando
2024-09-23,63336.010000,13215247845.100000,4.830000,1,cortando
2024-09-24,64342.790000,12700396631.090000,4.830000,1,cortando
2024-09-25,63059.630000,10291173191.980000,4.830000,1,cortando
2024-09-26,65057.790000,15897485937.330000,4.830000,1,cortando
2024-09-27,65767.710000,13617206254.059999,4.830000,1,cortando
2024-09-28,65770.530000,4880798766.300000,4.830000,0,cortando
2024-09-29,65617.760000,4856780415.700000,4.830000,0,cortando
2024-09-30,63260.040000,15446677929.760000,4.830000,1,cortando
2024-10-01,60858.250000,23270818264.650002,4.830000,1,cortando
2024-10-02,60686.100000,18244767011.799999,4.830000,1,cortando
2024-10-03,60765.240000,16764430984.350000,4.830000,1,cortando
2024-10-04,62052.510000,13442137274.059999,4.830000,1,cortando
2024-10-05,62030.450000,4757591875.380000,4.830000,0,cortando
2024-10-06,62789.880000,5501211149.320000,4.830000,0,cortando
2024-10-07,62416.510000,15152336917.059999,4.830000,1,cortando
2024-10-08,62126.330000,12327676626.549999,4.830000,1,cortando
2024-10-09,60615.260000,11846246278.680000,4.830000,1,cortando
2024-10-10,60221.120000,12476986141.510000,4.830000,1,cortando
2024-10-11,62462.540000,12284781048.440001,4.830000,1,cortando
2024-10-12,63202.880000,5931014495.930000,4.830000,0,cortando
2024-10-13,62759.430000,6617533143.710000,4.830000,0,cortando
2024-10-14,66089.760000,17541092852.220001,4.830000,0,cortando
2024-10-15,66933.970000,19434348652.040001,4.830000,1,cortando
2024-10-16,67662.950000,15295535426.629999,4.830000,1,cortando
2024-10-17,67337.910000,12482011519.389999,4.830000,1,cortando
2024-10-18,68390.540000,14048753920.910000,4.830000,1,cortando
2024-10-19,68357.900000,4147336382.590000,4.830000,0,cortando
2024-10-20,69012.350000,5866736730.540000,4.830000,0,cortando
2024-10-21,67440.460000,14197969402.600000,4.830000,1,cortando
2024-10-22,67425.760000,12099812506.139999,4.830000,1,cortando
2024-10-23,66647.290000,13100216506.610001,4.830000,1,cortando
2024-10-24,68130.990000,12205886251.129999,4.830000,1,cortando
2024-10-25,66261.540000,16843104339.730000,4.830000,1,cortando
2024-10-26,67023.340000,6858456460.740000,4.830000,0,cortando
2024-10-27,68000.150000,5911148022.340000,4.830000,0,cortando
2024-10-28,69862.520000,15472061840.040001,4.830000,1,cortando
2024-10-29,72678.790000,22275779339.770000,4.830000,1,cortando
2024-10-30,72450.280000,15918357812.889999,4.830000,1,cortando
2024-10-31,70367.080000,15127704004.250000,4.830000,1,cortando
2024-11-01,69483.580000,18917480842.259998,4.830000,1,cortando
2024-11-02,69241.680000,5747208351.150000,4.830000,0,cortando
2024-11-03,68742.750000,12952356276.309999,4.830000,0,cortando
2024-11-04,67779.100000,16389012360.090000,4.830000,1,cortando
2024-11-05,69538.020000,18345971868.070000,4.830000,1,cortando
2024-11-06,75696.040000,46384632346.959999,4.830000,1,cortando
2024-11-07,75972.300000,23508672010.910000,4.830000,1,cortando
2024-11-08,76507.450000,19702015068.700001,4.580000,1,cortando
2024-11-09,76799.250000,8874192716.719999,4.580000,0,cortando
2024-11-10,80409.290000,28791482392.259998,4.580000,0,cortando
2024-11-11,88860.000000,45652137056.940002,4.580000,0,cortando
2024-11-12,88048.750000,52989855143.849998,4.580000,1,cortando
2024-11-13,90369.380000,49798236339.480003,4.580000,1,cortando
2024-11-14,87204.260000,34267317507.240002,4.580000,1,cortando
2024-11-15,91139.080000,28251191102.369999,4.580000,1,cortando
2024-11-16,90567.700000,14410084266.820000,4.580000,0,cortando
2024-11-17,89732.970000,16186834684.330000,4.580000,0,cortando
2024-11-18,90587.700000,27910500132.910000,4.580000,1,cortando
2024-11-19,92254.140000,27983610356.630001,4.580000,1,cortando
2024-11-20,94160.040000,27977756043.450001,4.580000,1,cortando
2024-11-21,98545.570000,39481692095.779999,4.580000,1,cortando
2024-11-22,98938.350000,30287702968.200001,4.580000,1,cortando
2024-11-23,97707.050000,15766620336.170000,4.580000,0,cortando
2024-11-24,97980.210000,18458024699.299999,4.580000,0,cortando
2024-11-25,93343.030000,31851444336.049999,4.580000,1,cortando
2024-11-26,91875.570000,34061494261.410000,4.580000,1,cortando
2024-11-27,95989.080000,25559278156.779999,4.580000,1,cortando
2024-11-28,95737.940000,17253855955.750000,4.580000,0,cortando
2024-11-29,97398.940000,19392495276.509998,4.580000,1,cortando
2024-11-30,96463.620000,10153166323.620001,4.580000,0,cortando
2024-12-01,97469.600000,12592808853.280001,4.580000,0,cortando
2024-12-02,95726.440000,28207938616.500000,4.580000,1,cortando
2024-12-03,96010.880000,27285056250.480000,4.580000,1,cortando
2024-12-04,98920.250000,29549756970.840000,4.580000,1,cortando
2024-12-05,96949.660000,57569587083.000000,4.580000,1,cortando
2024-12-06,99953.110000,30947498352.090000,4.580000,1,cortando
2024-12-07,99977.700000,12051249556.549999,4.580000,0,cortando
2024-12-08,100798.980000,11465356877.629999,4.580000,0,cortando
2024-12-09,97390.200000,34326543443.450001,4.580000,1,cortando
2024-12-10,96835.500000,34344526365.900002,4.580000,1,cortando
2024-12-11,101310.200000,25548730947.400002,4.580000,1,cortando
2024-12-12,100090.890000,24627187732.560001,4.580000,1,cortando
2024-12-13,101289.820000,17756696976.060001,4.580000,1,cortando
2024-12-14,101366.870000,12179165002.709999,4.580000,0,cortando
2024-12-15,104551.370000,14400829191.770000,4.580000,0,cortando
2024-12-16,105855.670000,28511550537.320000,4.580000,1,cortando
2024-12-17,106115.910000,23242198501.779999,4.580000,1,cortando
2024-12-18,100469.770000,35801083068.599998,4.580000,1,cortando
2024-12-19,97697.050000,38236829834.190002,4.330000,1,cortando
2024-12-20,97617.440000,39774280586.790001,4.330000,1,cortando
2024-12-21,97093.020000,17159894803.280001,4.330000,0,cortando
2024-12-22,95149.110000,14777258603.410000,4.330000,0,cortando
2024-12-23,94800.760000,25340431197.150002,4.330000,1,cortando
2024-12-24,98637.730000,19288006529.849998,4.330000,1,cortando
2024-12-25,99235.370000,13110186103.549999,4.330000,0,cortando
2024-12-26,95628.300000,17826773424.430000,4.330000,1,cortando
2024-12-27,94219.980000,19993928269.299999,4.330000,1,cortando
2024-12-28,95123.580000,8031402349.400000,4.330000,0,cortando
2024-12-29,93457.580000,10052804789.010000,4.330000,0,cortando
2024-12-30,92523.160000,23145415271.349998,4.330000,1,cortando
2024-12-31,93389.730000,17659137065.029999,4.330000,1,cortando
2025-01-01,94455.800000,9108077295.370001,4.330000,0,cortando
2025-01-02,96851.390000,18327962137.240002,4.330000,1,cortando
2025-01-03,98120.680000,14169111840.950001,4.330000,1,cortando
2025-01-04,98230.050000,7738627237.400000,4.330000,0,cortando
2025-01-05,98414.810000,6607751088.020000,4.330000,0,cortando
2025-01-06,102179.560000,20921379564.560001,4.330000,1,cortando
2025-01-07,96975.000000,24401110219.560001,4.330000,1,cortando
2025-01-08,95039.280000,27049516846.070000,4.330000,1,cortando
2025-01-09,92346.170000,24583812496.110001,4.330000,1,cortando
2025-01-10,94759.120000,25201525926.439999,4.330000,1,cortando
2025-01-11,94606.510000,6307854703.480000,4.330000,0,cortando
2025-01-12,94353.780000,7227570346.840000,4.330000,0,cortando
2025-01-13,94375.730000,31090385823.439999,4.330000,1,cortando
2025-01-14,96569.480000,21715790601.070000,4.330000,1,cortando
2025-01-15,100172.410000,22147145661.380001,4.330000,1,cortando
2025-01-16,99977.730000,21766540852.150002,4.330000,1,cortando
2025-01-17,104296.590000,28603209217.200001,4.330000,1,cortando
2025-01-18,104398.160000,18953018346.689999,4.330000,0,cortando
2025-01-19,100954.570000,31744188138.799999,4.330000,0,cortando
2025-01-20,102589.000000,51317637305.820000,4.330000,0,cortando
2025-01-21,105987.890000,39454873873.400002,4.330000,1,cortando
2025-01-22,103791.130000,23501168494.709999,4.330000,1,cortando
2025-01-23,104184.620000,45986943745.519997,4.330000,1,cortando
2025-01-24,104716.120000,21980482973.990002,4.330000,1,cortando
2025-01-25,104866.090000,8261162245.900000,4.330000,0,cortando
2025-01-26,102833.370000,7837200300.680000,4.330000,0,cortando
2025-01-27,101907.450000,41554408507.089996,4.330000,1,cortando
2025-01-28,101138.140000,20556270930.660000,4.330000,1,cortando
2025-01-29,103918.800000,20959178538.360001,4.330000,1,cortando
2025-01-30,104987.450000,17157353580.290001,4.330000,1,cortando
2025-01-31,102263.040000,19021916495.450001,4.330000,1,cortando
2025-02-01,100610.290000,9599070029.629999,4.330000,0,cortando
2025-02-02,97424.780000,26552751481.139999,4.330000,0,cortando
2025-02-03,101582.410000,54468001583.070000,4.330000,1,cortando
2025-02-04,97848.150000,32561432718.549999,4.330000,1,cortando
2025-02-05,96559.330000,20749823100.130001,4.330000,1,cortando
2025-02-06,96541.300000,20222448953.590000,4.330000,1,cortando
2025-02-07,96384.110000,24112643104.490002,4.330000,1,cortando
2025-02-08,96603.320000,7973500337.870000,4.330000,0,cortando
2025-02-09,96309.750000,10881132081.620001,4.330000,0,cortando
2025-02-10,97375.230000,15895163710.100000,4.330000,1,cortando
2025-02-11,95806.260000,15479704544.750000,4.330000,1,cortando
2025-02-12,97756.500000,21080677731.750000,4.330000,1,cortando
2025-02-13,96534.740000,14625048170.780001,4.330000,1,cortando
2025-02-14,97414.360000,13749062681.160000,4.330000,1,cortando
2025-02-15,97583.240000,6074739535.980000,4.330000,0,cortando
2025-02-16,96182.270000,5617045927.090000,4.330000,0,cortando
2025-02-17,95790.510000,10940054513.070000,4.330000,0,parado
2025-02-18,95444.030000,15962887708.840000,4.330000,1,parado
2025-02-19,96647.910000,11459185710.379999,4.330000,1,parado
2025-02-20,98392.220000,13394819326.620001,4.330000,1,parado
2025-02-21,96048.990000,21897261477.439999,4.330000,1,parado
2025-02-22,96605.710000,6659081341.890000,4.330000,0,parado
2025-02-23,96091.630000,5792453658.250000,4.330000,0,parado
2025-02-24,91869.650000,18412550371.250000,4.330000,1,parado
2025-02-25,88769.740000,35633078844.669998,4.330000,1,parado
2025-02-26,83987.900000,26395954156.810001,4.330000,1,parado
2025-02-27,84625.420000,21139644418.680000,4.330000,1,parado
2025-02-28,84243.780000,34897436162.709999,4.330000,1,parado
2025-03-01,85844.370000,11079855878.680000,4.330000,0,parado
2025-03-02,94328.010000,25190120350.610001,4.330000,0,parado
2025-03-03,86315.930000,31801652359.130001,4.330000,1,parado
2025-03-04,87323.690000,30270922420.700001,4.330000,1,parado
2025-03-05,90619.410000,20727649575.330002,4.330000,1,parado
2025-03-06,90222.070000,21109022221.130001,4.330000,1,parado
2025-03-07,86553.590000,30290408968.549999,4.330000,1,parado
2025-03-08,86171.280000,6915942325.280000,4.330000,0,parado
2025-03-09,80647.800000,13093275561.450001,4.330000,0,parado
2025-03-10,79005.960000,24932674289.779999,4.330000,1,parado
2025-03-11,82747.160000,23051083590.970001,4.330000,1,parado
2025-03-12,83630.160000,17000972105.320000,4.330000,1,parado
2025-03-13,81110.290000,13187054160.900000,4.330000,1,parado
2025-03-14,84105.830000,12765384469.049999,4.330000,1,parado
2025-03-15,84352.880000,4488395505.310000,4.330000,0,parado
2025-03-16,82492.100000,8087347558.760000,4.330000,0,parado
2025-03-17,84013.950000,9553690439.959999,4.330000,1,parado
2025-03-18,82680.810000,10149186678.549999,4.330000,1,parado
2025-03-19,86774.240000,14045050877.930000,4.330000,1,parado
2025-03-20,84124.970000,11906139748.090000,4.330000,1,parado
2025-03-21,84069.410000,7663030867.280000,4.330000,1,parado
2025-03-22,83821.220000,2969859937.640000,4.330000,0,parado
2025-03-23,85760.880000,4350988460.680000,4.330000,0,parado
2025-03-24,87322.570000,13411565050.780001,4.330000,1,parado
2025-03-25,87422.840000,11739095180.790001,4.330000,1,parado
2025-03-26,86836.680000,10823032366.160000,4.330000,1,parado
2025-03-27,87211.320000,9744468104.090000,4.330000,1,parado
2025-03-28,84309.080000,13793049390.290001,4.330000,1,parado
2025-03-29,82497.180000,6647836522.400000,4.330000,0,parado
2025-03-30,82216.470000,5858367346.480000,4.330000,0,parado
2025-03-31,82461.450000,12188503864.520000,4.330000,1,parado
2025-04-01,85226.710000,11781428700.809999,4.330000,1,parado
2025-04-02,82555.630000,19569585298.490002,4.330000,1,parado
2025-04-03,82931.700000,13206589793.629999,4.330000,1,parado
2025-04-04,83774.180000,17278215503.759998,4.330000,1,parado
2025-04-05,83302.170000,4904831268.070000,4.330000,0,parado
2025-04-06,77949.090000,13218322058.590000,4.330000,0,parado
2025-04-07,79421.800000,32545987367.779999,4.330000,1,parado
2025-04-08,76351.430000,17529114785.910000,4.330000,1,parado
2025-04-09,82720.600000,29155612909.840000,4.330000,1,parado
2025-04-10,79558.960000,15533416191.309999,4.330000,1,parado
2025-04-11,83359.900000,14689184563.840000,4.330000,1,parado
2025-04-12,85269.250000,8186173133.020000,4.330000,0,parado
2025-04-13,83568.950000,10337266569.160000,4.330000,0,parado
2025-04-14,84589.030000,12483447838.990000,4.330000,1,parado
2025-04-15,83671.340000,10489487965.790001,4.330000,1,parado
2025-04-16,84151.540000,11003120297.870001,4.330000,1,parado
2025-04-17,84940.580000,7814077006.370000,4.330000,1,parado
2025-04-18,84434.770000,3434179940.580000,4.330000,1,parado
2025-04-19,85124.720000,4125640213.900000,4.330000,0,parado
2025-04-20,85101.750000,4658692491.390000,4.330000,0,parado
2025-04-21,87360.720000,14895807506.920000,4.330000,1,parado
2025-04-22,93495.610000,20146337609.060001,4.330000,1,parado
2025-04-23,93695.740000,16741008055.480000,4.330000,1,parado
2025-04-24,93849.880000,11864055666.150000,4.330000,1,parado
2025-04-25,94771.410000,15299009439.690001,4.330000,1,parado
2025-04-26,94694.510000,5647420720.060000,4.330000,0,parado
2025-04-27,93812.880000,5808156803.070000,4.330000,0,parado
2025-04-28,95066.020000,12432788997.350000,4.330000,1,parado
2025-04-29,94102.840000,10171538791.000000,4.330000,1,parado
2025-04-30,94236.730000,11036868902.170000,4.330000,1,parado
2025-05-01,96411.740000,12508353583.600000,4.330000,1,parado
2025-05-02,96842.100000,9851162774.309999,4.330000,1,parado
2025-05-03,95943.610000,4879554720.260000,4.330000,0,parado
2025-05-04,94377.790000,6280005768.480000,4.330000,0,parado
2025-05-05,94853.730000,9712247218.290001,4.330000,1,parado
2025-05-06,96677.920000,10165321575.920000,4.330000,1,parado
2025-05-07,97137.380000,48541726514.220001,4.330000,1,parado
2025-05-08,103069.540000,22020676551.500000,4.330000,1,parado
2025-05-09,102940.800000,15983553925.570000,4.330000,1,parado
2025-05-10,104582.820000,8131622618.720000,4.330000,0,parado
2025-05-11,103976.140000,10013213279.799999,4.330000,0,parado
2025-05-12,102920.070000,17830073841.450001,4.330000,1,parado
2025-05-13,104145.710000,13413529666.469999,4.330000,1,parado
2025-05-14,103572.720000,11007810407.650000,4.330000,1,parado
2025-05-15,103716.280000,12380406261.969999,4.330000,1,parado
2025-05-16,103566.270000,10215197692.020000,4.330000,1,parado
2025-05-17,103190.040000,6751418099.250000,4.330000,0,parado
2025-05-18,106015.690000,11053921962.200001,4.330000,0,parado
2025-05-19,105615.830000,16802482187.379999,4.330000,1,parado
2025-05-20,106893.330000,14010120613.309999,4.330000,1,parado
2025-05-21,109704.860000,24209931850.259998,4.330000,1,parado
2025-05-22,111477.010000,18475130248.919998,4.330000,1,parado
2025-05-23,107291.890000,18477759507.169998,4.330000,1,parado
2025-05-24,107917.330000,8730901815.559999,4.330000,0,parado
2025-05-25,108914.880000,9842172580.500000,4.330000,0,parado
2025-05-26,109371.990000,10470527973.799999,4.330000,0,parado
2025-05-27,109066.350000,15024051847.400000,4.330000,1,parado
2025-05-28,107895.400000,11426204036.790001,4.330000,1,parado
2025-05-29,105732.960000,15813298293.180000,4.330000,1,parado
2025-05-30,103981.300000,15661318118.070000,4.330000,1,parado
2025-05-31,104708.960000,7461102178.510000,4.330000,0,parado
2025-06-01,105750.160000,6343557225.460000,4.330000,0,parado
2025-06-02,105899.700000,11007248964.340000,4.330000,1,parado
2025-06-03,105483.990000,10582016364.959999,4.330000,1,parado
2025-06-04,104782.840000,9645070684.219999,4.330000,1,parado
2025-06-05,101669.190000,16448511872.670000,4.330000,1,parado
2025-06-06,104421.050000,12408557529.559999,4.330000,1,parado
2025-06-07,105685.250000,5986936894.360000,4.330000,0,parado
2025-06-08,105727.740000,5473342828.500000,4.330000,0,parado
2025-06-09,110198.160000,13556775340.080000,4.330000,1,parado
2025-06-10,110074.120000,13145230463.940001,4.330000,1,parado
2025-06-11,108645.790000,11626299489.160000,4.330000,1,parado
2025-06-12,105998.990000,14113064476.200001,4.330000,1,parado
2025-06-13,106024.820000,19183345139.590000,4.330000,1,parado
2025-06-14,105467.110000,6345667594.070000,4.330000,0,parado
2025-06-15,105512.800000,6247051630.860000,4.330000,0,parado
2025-06-16,107243.930000,12597510652.620001,4.330000,1,parado
2025-06-17,104628.400000,15067264348.070000,4.330000,1,parado
2025-06-18,104813.370000,11867998161.969999,4.330000,1,parado
2025-06-19,104709.720000,6724785029.330000,4.330000,0,parado
2025-06-20,103274.960000,12460806238.090000,4.330000,1,parado
2025-06-21,101548.200000,7931227805.040000,4.330000,0,parado
2025-06-22,100899.230000,19257678202.860001,4.330000,0,parado
2025-06-23,105496.950000,19741727985.349998,4.330000,1,parado
2025-06-24,105964.070000,12464279133.959999,4.330000,1,parado
2025-06-25,107305.070000,12257398202.280001,4.330000,1,parado
2025-06-26,107012.820000,9443460585.410000,4.330000,1,parado
2025-06-27,107090.960000,9614561384.059999,4.330000,1,parado
2025-06-28,107357.620000,2888544608.480000,4.330000,0,parado
2025-06-29,108360.900000,4831141636.390000,4.330000,0,parado
2025-06-30,107153.100000,8629191668.700001,4.330000,1,parado
2025-07-01,105566.360000,9762669802.190001,4.330000,1,parado
2025-07-02,108927.130000,13097857125.510000,4.330000,1,parado
2025-07-03,109632.160000,11313537979.860001,4.330000,1,parado
2025-07-04,108081.400000,8213665633.870000,4.330000,0,parado
2025-07-05,108244.790000,2970350655.810000,4.330000,0,parado
2025-07-06,109180.010000,4874354794.490000,4.330000,0,parado
2025-07-07,108249.400000,9140336151.150000,4.330000,1,parado
2025-07-08,108956.630000,8186436336.060000,4.330000,1,parado
2025-07-09,111416.810000,13148632993.219999,4.330000,1,parado
2025-07-10,115873.900000,18917035798.180000,4.330000,1,parado
2025-07-11,117618.610000,20639943017.490002,4.330000,1,parado
2025-07-12,117382.370000,7311796759.560000,4.330000,0,parado
2025-07-13,118899.740000,8457114068.990000,4.330000,0,parado
2025-07-14,119871.100000,21732121551.799999,4.330000,1,parado
2025-07-15,117710.890000,26059070059.709999,4.330000,1,parado
2025-07-16,118730.190000,16264314608.059999,4.330000,1,parado
2025-07-17,119501.660000,16580270713.110001,4.330000,1,parado
2025-07-18,117958.510000,18551423140.580002,4.330000,1,parado
2025-07-19,117908.520000,5920350566.570000,4.330000,0,parado
2025-07-20,117305.680000,9654593939.040001,4.330000,0,parado
2025-07-21,117432.440000,14743946128.570000,4.330000,1,parado
2025-07-22,120068.010000,17779266385.740002,4.330000,1,parado
2025-07-23,118650.590000,13812421662.350000,4.330000,1,parado
2025-07-24,118377.080000,14165320177.500000,4.330000,1,parado
2025-07-25,117520.170000,26172458177.619999,4.330000,1,parado
2025-07-26,117983.200000,5974910079.150000,4.330000,0,parado
2025-07-27,119438.160000,7479219337.600000,4.330000,0,parado
2025-07-28,118022.640000,12091447012.379999,4.330000,1,parado
2025-07-29,117871.370000,12269216871.900000,4.330000,1,parado
2025-07-30,117732.640000,12826194664.660000,4.330000,1,parado
2025-07-31,115848.340000,13678749060.600000,4.330000,1,parado
2025-08-01,113282.140000,22380918296.619999,4.330000,1,parado
2025-08-02,112545.670000,9005629652.910000,4.330000,0,parado
2025-08-03,114263.690000,6136554181.330000,4.330000,0,parado
2025-08-04,115199.930000,9335003412.420000,4.330000,1,parado
2025-08-05,114111.360000,11081013174.660000,4.330000,1,parado
2025-08-06,115034.680000,9202525953.820000,4.330000,1,parado
2025-08-07,117444.910000,11371673339.030001,4.330000,1,parado
2025-08-08,116740.690000,10220840583.610001,4.330000,1,parado
2025-08-09,116511.660000,7567658205.320000,4.330000,0,parado
2025-08-10,119189.200000,10734330281.840000,4.330000,0,parado
2025-08-11,118742.040000,19799682749.599998,4.330000,1,parado
2025-08-12,120154.320000,14392280168.340000,4.330000,1,parado
2025-08-13,123442.680000,18966729854.000000,4.330000,1,parado
2025-08-14,118510.270000,25953822040.230000,4.330000,1,parado
2025-08-15,117311.210000,14256993272.290001,4.330000,1,parado
2025-08-16,117462.430000,5886947036.540000,4.330000,0,parado
2025-08-17,117601.950000,5638822051.370000,4.330000,0,parado
2025-08-18,116312.910000,16233312750.010000,4.330000,1,parado
2025-08-19,112886.100000,16501190958.400000,4.330000,1,parado
2025-08-20,114277.320000,14475176116.260000,4.330000,1,parado
2025-08-21,112347.100000,11956571281.990000,4.330000,1,parado
2025-08-22,116800.980000,18957055699.340000,4.330000,1,parado
2025-08-23,115280.440000,8291055728.140000,4.330000,0,parado
2025-08-24,113516.120000,14043692075.480000,4.330000,0,parado
2025-08-25,110089.530000,21453019255.939999,4.330000,1,parado
2025-08-26,111895.300000,16664986838.240000,4.330000,1,parado
2025-08-27,111252.310000,13497448429.490000,4.330000,1,parado
2025-08-28,112481.150000,11943143071.000000,4.330000,1,parado
2025-08-29,108473.330000,18145672643.389999,4.330000,1,parado
2025-08-30,108746.150000,8110253841.680000,4.330000,0,parado
2025-08-31,108316.450000,7415754575.460000,4.330000,0,parado
2025-09-01,108992.320000,14346518910.440001,4.330000,0,parado
2025-09-02,111140.950000,16837306198.340000,4.330000,1,parado
2025-09-03,111780.740000,11520236355.719999,4.330000,1,parado
2025-09-04,110900.630000,12259494620.530001,4.330000,1,parado
2025-09-05,110711.230000,17849467845.740002,4.330000,1,parado
2025-09-06,110243.650000,4885952743.030000,4.330000,0,parado
2025-09-07,111307.780000,5503361207.790000,4.330000,0,parado
2025-09-08,112112.310000,11881644863.420000,4.330000,1,parado
2025-09-09,111486.400000,13874493651.940001,4.330000,1,parado
2025-09-10,113930.750000,15842219824.020000,4.330000,1,parado
2025-09-11,115445.810000,13142678559.450001,4.330000,1,parado
2025-09-12,116149.170000,14548222180.889999,4.330000,1,parado
2025-09-13,115965.630000,7327141520.620000,4.330000,0,parado
2025-09-14,115395.930000,6751659781.010000,4.330000,0,parado
2025-09-15,115420.930000,13547222726.430000,4.330000,1,parado
2025-09-16,116798.870000,11803048946.750000,4.330000,1,parado
2025-09-17,116575.780000,16797382927.549999,4.330000,1,parado
2025-09-18,117014.430000,13337562658.450001,4.080000,1,cortando
2025-09-19,115612.370000,10566943391.410000,4.080000,1,cortando
2025-09-20,115753.170000,4442948564.840000,4.080000,0,cortando
2025-09-21,115320.860000,4649633986.710000,4.080000,0,cortando
2025-09-22,112727.710000,20251353066.220001,4.090000,1,cortando
2025-09-23,112052.390000,13064802558.830000,4.090000,1,cortando
2025-09-24,113324.620000,13125431362.879999,4.090000,1,cortando
2025-09-25,109166.350000,22812451800.299999,4.090000,1,cortando
2025-09-26,109669.100000,17186588078.009998,4.090000,1,cortando
2025-09-27,109644.730000,5764670549.820000,4.090000,0,cortando
2025-09-28,112170.010000,8417980304.000000,4.090000,0,cortando
2025-09-29,114341.140000,15885916390.719999,4.090000,1,cortando
2025-09-30,113971.740000,17008581021.389999,4.090000,1,cortando
2025-10-01,118393.270000,19575644389.520000,4.090000,1,cortando
2025-10-02,120558.590000,19649552279.150002,4.090000,1,cortando
2025-10-03,122348.130000,23481212574.139999,4.090000,1,cortando
2025-10-04,122379.740000,9406609215.430000,4.090000,0,cortando
2025-10-05,123523.770000,19472740991.500000,4.090000,0,cortando
2025-10-06,124824.450000,20349578981.259998,4.090000,1,cortando
2025-10-07,121587.700000,22491351847.639999,4.090000,1,cortando
2025-10-08,123390.350000,18680145344.380001,4.100000,1,cortando
2025-10-09,121603.330000,20984333645.490002,4.100000,1,cortando
2025-10-10,113754.850000,47908057116.699997,4.100000,1,cortando
2025-10-11,110940.110000,28542814310.389999,4.100000,0,cortando
2025-10-12,115152.920000,26508865408.380001,4.100000,0,cortando
2025-10-13,115332.250000,21083944129.220001,4.100000,0,cortando
2025-10-14,113327.080000,27503974115.990002,4.100000,1,cortando
2025-10-15,110862.870000,21055442349.500000,4.100000,1,cortando
2025-10-16,108135.050000,27655223427.279999,4.110000,1,cortando
2025-10-17,106625.670000,29417620449.230000,4.110000,1,cortando
2025-10-18,107143.910000,9105737752.270000,4.110000,0,cortando
2025-10-19,108706.660000,12808176441.530001,4.110000,0,cortando
2025-10-20,110640.250000,18226847720.139999,4.110000,1,cortando
2025-10-21,108700.380000,28952668393.560001,4.110000,1,cortando
2025-10-22,107667.630000,23143527221.060001,4.110000,1,cortando
2025-10-23,110060.940000,16633806927.750000,4.110000,1,cortando
2025-10-24,111024.940000,14621175357.440001,4.110000,1,cortando
2025-10-25,111614.540000,5865239460.880000,4.110000,0,cortando
2025-10-26,114557.100000,11180619667.240000,4.110000,0,cortando
2025-10-27,114087.770000,16240988722.129999,4.120000,1,cortando
2025-10-28,112980.690000,29642862016.450001,4.120000,1,cortando
2025-10-29,110206.350000,19932119573.410000,4.120000,1,cortando
2025-10-30,108019.720000,20863177149.619999,3.870000,1,cortando
2025-10-31,109554.240000,16831576618.730000,3.860000,1,cortando
2025-11-01,110005.300000,5659876251.110000,3.860000,0,cortando
2025-11-02,110389.170000,8366699632.660000,3.860000,0,cortando
2025-11-03,106495.800000,21396740357.529999,3.870000,1,cortando
2025-11-04,101349.740000,32158894943.180000,3.870000,1,cortando
2025-11-05,103915.880000,21499372722.419998,3.870000,1,cortando
2025-11-06,101241.570000,18618495846.639999,3.870000,1,cortando
2025-11-07,103428.470000,20941307903.610001,3.870000,1,cortando
2025-11-08,102335.020000,8841475521.139999,3.870000,0,cortando
2025-11-09,104685.550000,11037810584.400000,3.870000,0,cortando
2025-11-10,106082.480000,15848166863.420000,3.870000,1,cortando
2025-11-11,102974.410000,17179170709.980000,3.870000,0,cortando
2025-11-12,101682.130000,15894584331.059999,3.870000,1,cortando
2025-11-13,100035.310000,25226563256.080002,3.880000,1,cortando
2025-11-14,94502.550000,30180964067.970001,3.880000,1,cortando
2025-11-15,95541.320000,10481337826.150000,3.880000,0,cortando
2025-11-16,94182.310000,14612642085.389999,3.880000,0,cortando
2025-11-17,91911.470000,23256453972.299999,3.880000,1,cortando
2025-11-18,92836.440000,24872777467.139999,3.880000,1,cortando
2025-11-19,91320.480000,21238488251.400002,3.880000,1,cortando
2025-11-20,86911.300000,24504784415.549999,3.880000,1,cortando
2025-11-21,84948.050000,36802830241.989998,3.880000,1,cortando
2025-11-22,84775.000000,10601923533.959999,3.880000,0,cortando
2025-11-23,86872.450000,12948187027.700001,3.880000,0,cortando
2025-11-24,88377.600000,18282063677.459999,3.880000,1,cortando
2025-11-25,87434.550000,14551807977.389999,3.880000,1,cortando
2025-11-26,90449.280000,14920757378.340000,3.880000,1,cortando
2025-11-27,91336.200000,12150068250.020000,3.880000,0,cortando
2025-11-28,90990.130000,14066236141.590000,3.890000,1,cortando
2025-11-29,90842.070000,5755699796.960000,3.890000,0,cortando
2025-11-30,90607.700000,6574524333.180000,3.890000,0,cortando
2025-12-01,86504.640000,22724122357.919998,3.890000,1,cortando
2025-12-02,91528.020000,18531414678.930000,3.890000,1,cortando
2025-12-03,93609.090000,18693830635.029999,3.890000,1,cortando
2025-12-04,92205.590000,14272111164.650000,3.890000,1,cortando
2025-12-05,89279.830000,14846702903.830000,3.890000,1,cortando
2025-12-06,89169.560000,6140983937.040000,3.890000,0,cortando
2025-12-07,90067.850000,9071904290.110001,3.890000,0,cortando
2025-12-08,90673.140000,13207334544.570000,3.890000,1,cortando
2025-12-09,92808.850000,15802628094.799999,3.890000,1,cortando
2025-12-10,92102.930000,15442453873.480000,3.890000,1,cortando
2025-12-11,92623.720000,16063500689.379999,3.640000,1,cortando
2025-12-12,90331.610000,12884081085.879999,3.640000,1,cortando
2025-12-13,90245.270000,4168500520.410000,3.640000,0,cortando
2025-12-14,88096.380000,7610477549.800000,3.640000,0,cortando
2025-12-15,86352.580000,15291338042.030001,3.640000,1,cortando
2025-12-16,87752.430000,13807826563.150000,3.640000,1,cortando
2025-12-17,86059.550000,15690749393.590000,3.640000,1,cortando
2025-12-18,85434.190000,18290414008.220001,3.640000,1,cortando
2025-12-19,88168.070000,15431092856.750000,3.640000,1,cortando
2025-12-20,88292.450000,3887794491.540000,3.640000,0,cortando
2025-12-21,88533.430000,5539567171.580000,3.640000,0,cortando
2025-12-22,88474.460000,13194233499.940001,3.640000,1,cortando
2025-12-23,87365.990000,11250364614.600000,3.640000,1,cortando
2025-12-24,87625.670000,8124244794.010000,3.640000,1,cortando
2025-12-25,87231.300000,5710890301.500000,3.640000,0,cortando
2025-12-26,87334.810000,12537667436.330000,3.640000,1,cortando
2025-12-27,87695.420000,3260602911.670000,3.640000,0,cortando
2025-12-28,87747.650000,4029679917.880000,3.640000,0,cortando
2025-12-29,87133.510000,15862580667.110001,3.640000,1,cortando
2025-12-30,88428.490000,11955893118.500000,3.640000,1,cortando
2025-12-31,87516.980000,11132102416.440001,3.640000,1,cortando
2026-01-01,88684.220000,5094051144.850000,3.640000,0,cortando
2026-01-02,89940.180000,15137901318.760000,3.640000,1,cortando
2026-01-03,90598.130000,5508980380.470000,3.640000,0,cortando
2026-01-04,91359.760000,7454119280.350000,3.640000,0,cortando
2026-01-05,93948.580000,16907301306.090000,3.640000,1,cortando
2026-01-06,93574.290000,17088302719.690001,3.640000,1,cortando
2026-01-07,91208.960000,14817512349.920000,3.640000,1,cortando
2026-01-08,91096.920000,13689781865.549999,3.640000,1,cortando
2026-01-09,90539.600000,12667583502.910000,3.640000,1,cortando
2026-01-10,90406.140000,2998465868.940000,3.640000,0,cortando
2026-01-11,90717.210000,4399752743.650000,3.640000,0,cortando
2026-01-12,91141.150000,13447991100.950001,3.640000,1,cortando
2026-01-13,95304.500000,18052772425.040001,3.640000,1,cortando
2026-01-14,97043.990000,19573284071.119999,3.640000,1,cortando
2026-01-15,95546.140000,15513091732.360001,3.640000,1,cortando
2026-01-16,95489.130000,9950363881.990000,3.640000,1,cortando
2026-01-17,95106.980000,3771967991.520000,3.640000,0,cortando
2026-01-18,94261.330000,5172210667.300000,3.640000,0,cortando
2026-01-19,92526.240000,10767857457.889999,3.640000,0,cortando
2026-01-20,88236.560000,16870115090.370001,3.640000,1,cortando
2026-01-21,89599.360000,18618685583.669998,3.640000,1,cortando
2026-01-22,89395.700000,11238508529.500000,3.640000,1,cortando
2026-01-23,89439.770000,12195380643.879999,3.640000,1,cortando
2026-01-24,89185.040000,3382816668.330000,3.640000,0,cortando
2026-01-25,86445.670000,10479342199.400000,3.640000,0,cortando
2026-01-26,88337.450000,13972514016.969999,3.640000,1,cortando
2026-01-27,89260.380000,12185717259.730000,3.640000,1,cortando
2026-01-28,89177.790000,12764139942.469999,3.640000,1,cortando
2026-01-29,84520.400000,20310891947.310001,3.640000,1,cortando
2026-01-30,84017.030000,21908127887.689999,3.640000,1,cortando
2026-01-31,78702.390000,22589874141.189999,3.640000,0,cortando
2026-02-01,76911.050000,17677831721.970001,3.640000,0,cortando
2026-02-02,78716.600000,24437332330.799999,3.640000,1,cortando
2026-02-03,75684.770000,22188271531.540001,3.640000,1,cortando
2026-02-04,73095.190000,22248662366.689999,3.640000,1,cortando
2026-02-05,63494.690000,44630368803.220001,3.640000,1,cortando
2026-02-06,70647.700000,37324027378.000000,3.640000,1,cortando
2026-02-07,69166.260000,18403458968.950001,3.640000,0,cortando
2026-02-08,70522.590000,10348141701.150000,3.640000,0,cortando
2026-02-09,70244.100000,15365029287.980000,3.640000,1,parado
2026-02-10,68688.790000,12491716714.490000,3.640000,1,parado
2026-02-11,66989.720000,16288568242.850000,3.640000,1,parado
2026-02-12,66221.540000,13500803360.650000,3.640000,1,parado
2026-02-13,68860.840000,12166056907.290001,3.640000,1,parado
2026-02-14,69798.080000,7931475979.300000,3.640000,0,parado
2026-02-15,68629.960000,9805724947.980000,3.640000,0,parado
2026-02-16,68747.440000,8996323258.070000,3.640000,0,parado
2026-02-17,67471.050000,10237409745.719999,3.640000,1,parado
2026-02-18,66380.710000,9773524623.910000,3.640000,1,parado
2026-02-19,66932.350000,9077495321.160000,3.640000,1,parado
2026-02-20,67977.310000,13693046180.520000,3.640000,1,parado
2026-02-21,68020.670000,5002388456.530000,3.640000,0,parado
2026-02-22,67550.020000,4752977660.970000,3.640000,0,parado
2026-02-23,64689.910000,15313809541.570000,3.640000,1,parado
2026-02-24,64123.750000,13795669712.799999,3.640000,1,parado
2026-02-25,68038.520000,18821465002.849998,3.640000,1,parado
2026-02-26,67519.260000,14016731382.870001,3.640000,1,parado
2026-02-27,65864.140000,12404681958.200001,3.640000,1,parado
2026-02-28,66965.640000,12912585947.950001,3.640000,0,parado
2026-03-01,65733.520000,12098871406.360001,3.640000,0,parado
2026-03-02,68922.620000,16575437044.990000,3.640000,1,parado
2026-03-03,68431.170000,22036193359.599998,3.640000,1,parado
2026-03-04,72667.460000,21395736162.139999,3.640000,1,parado
2026-03-05,70987.430000,14464643420.280001,3.640000,1,parado
2026-03-06,68226.710000,12703080811.219999,3.640000,1,parado
2026-03-07,67315.550000,5390091419.790000,3.640000,0,parado
2026-03-08,66202.700000,8743505849.240000,3.640000,0,parado
2026-03-09,68528.540000,13732881594.760000,3.640000,1,parado
2026-03-10,69891.820000,14926029166.870001,3.640000,1,parado
2026-03-11,70298.580000,11806121641.629999,3.640000,1,parado
2026-03-12,70538.110000,10757231426.170000,3.640000,1,parado
2026-03-13,70930.010000,15503153905.680000,3.640000,1,parado
2026-03-14,71136.220000,4912921003.830000,3.640000,0,parado
2026-03-15,72712.150000,6685093781.730000,3.640000,0,parado
2026-03-16,74723.960000,14074228146.950001,3.640000,1,parado
2026-03-17,74086.010000,12975796814.969999,3.640000,1,parado
2026-03-18,71253.960000,11441129206.930000,3.640000,1,parado
2026-03-19,69948.900000,11156808586.900000,3.640000,1,parado
2026-03-20,70510.420000,9585769501.110001,3.640000,1,parado
2026-03-21,69707.290000,4614139324.070000,3.640000,0,parado
2026-03-22,68018.150000,7246839804.570000,3.640000,0,parado
2026-03-23,70726.210000,13251917379.280001,3.640000,1,parado
2026-03-24,70610.020000,10140065174.360001,3.640000,1,parado
2026-03-25,71281.300000,8731445657.540001,3.640000,1,parado
2026-03-26,68722.970000,9943606544.870001,3.640000,1,parado
2026-03-27,66214.170000,11658318655.129999,3.640000,1,parado
2026-03-28,66351.070000,4914337630.760000,3.640000,0,parado
2026-03-29,65966.750000,5345293011.420000,3.640000,0,parado
2026-03-30,66651.230000,9824296421.020000,3.640000,1,parado
2026-03-31,68214.870000,11230550844.219999,3.640000,1,parado
2026-04-01,68116.820000,8541859341.440000,3.640000,1,parado
2026-04-02,66908.320000,8940972793.290001,3.640000,1,parado
2026-04-03,66891.740000,4537508158.450000,3.640000,1,parado
2026-04-04,67295.130000,2713849095.870000,3.640000,0,parado
2026-04-05,68921.810000,4431514958.170000,3.640000,0,parado
2026-04-06,68742.910000,9177587835.930000,3.640000,1,parado
2026-04-07,72057.120000,11564273126.920000,3.640000,1,parado
2026-04-08,71085.060000,10472729559.100000,3.640000,1,parado
2026-04-09,71788.680000,9629160052.190001,3.640000,1,parado
2026-04-10,72945.070000,9055226545.250000,3.640000,1,parado
2026-04-11,73119.110000,4481982639.830000,3.640000,0,parado
2026-04-12,70685.370000,7014699118.690000,3.640000,0,parado
2026-04-13,74632.750000,13131024727.670000,3.640000,1,parado
2026-04-14,74173.510000,13550695493.510000,3.640000,1,parado
2026-04-15,74761.960000,11070705577.510000,3.640000,1,parado
2026-04-16,75095.740000,10039394423.360001,3.640000,1,parado
2026-04-17,77114.480000,13233227191.809999,3.640000,1,parado
2026-04-18,75792.060000,5332187760.500000,3.640000,0,parado
2026-04-19,73905.200000,6917646203.180000,3.640000,0,parado
2026-04-20,75814.150000,9730180393.459999,3.640000,1,parado
2026-04-21,76107.440000,9141669158.830000,3.640000,1,parado
2026-04-22,78317.740000,11229538356.709999,3.640000,1,parado
2026-04-23,78233.680000,9992572834.629999,3.640000,1,parado
2026-04-24,77444.270000,8039278939.110000,3.640000,1,parado
2026-04-25,77624.710000,2950906890.330000,3.640000,0,parado
2026-04-26,78538.770000,4740570129.630000,3.640000,0,parado
2026-04-27,77256.300000,9168642335.700001,3.640000,1,parado
2026-04-28,76295.530000,7095223999.430000,3.640000,1,parado
2026-04-29,75795.010000,9332698126.830000,3.640000,1,parado
2026-04-30,76299.620000,6754679935.890000,3.640000,1,parado
2026-05-01,78132.640000,8899608158.980000,3.640000,1,parado
2026-05-02,78712.540000,3142512094.680000,3.640000,0,parado
2026-05-03,78649.170000,3884299376.220000,3.640000,0,parado
2026-05-04,79826.110000,12668308186.680000,3.640000,1,parado
2026-05-05,80936.750000,8763765050.730000,3.640000,1,parado
2026-05-06,81364.620000,9240366121.480000,3.640000,1,parado
2026-05-07,79989.000000,8278398107.850000,3.630000,1,parado
2026-05-08,80179.690000,7131369152.180000,3.630000,1,parado
2026-05-09,80663.630000,3315687892.140000,3.630000,0,parado
2026-05-10,82256.780000,5558559205.020000,3.630000,0,parado
2026-05-11,81714.740000,7779465162.570000,3.630000,1,parado
2026-05-12,80525.560000,7465573232.750000,3.630000,1,parado
2026-05-13,79291.910000,7738595266.750000,3.630000,1,parado
2026-05-14,81175.830000,10604111465.959999,3.630000,1,parado
2026-05-15,79063.410000,8879776564.070000,3.630000,1,parado
2026-05-16,78164.500000,4900843128.820000,3.630000,0,parado
2026-05-17,77497.700000,4499336102.450000,3.630000,0,parado
2026-05-18,76975.910000,10848478512.240000,3.630000,1,parado
2026-05-19,76807.460000,6772474385.840000,3.620000,1,parado
2026-05-20,77408.170000,6805669527.720000,3.620000,1,parado
2026-05-21,77595.390000,6812039048.550000,3.620000,1,parado
2026-05-22,75567.540000,7352144087.410000,3.620000,1,parado
2026-05-23,76619.870000,7541379949.980000,3.620000,0,parado
